Trial_ref,Year,Location,host_genotype,trial_design,plot_length(m),plot_ width(rows),plant density,row_spacing,Replicates,planting_date,emergence_date,flowering_date,pod_fill_date,Mid_late_pod_fill,first_sign_disease,Trade_name,Fungicide,Dose(ai/ha),E_treatment,Fungicide_application_1,Fungicide_application_2,Fungicide_application_3,Fungicide_application_4,Fungicide_application_5,Fungicide_application_6,Fungicide_application_7,total_Fungicide,Harvest_date,Final_assessment,PM_final_severity,rating scale,Disease_error,D_error type,grain_yield(t/ha),Raw_Graded,Yield_error,Y_error type,yield_gain,prop_YG,Raw data avail,comments,harvest - planting
mung0001/01,2001,Bongeen_1,Emerald,RB,,,,1,5,11/02/2001,,,,,16/03/2001,NA,control,NA,1,,,,,,,,0,9/05/2001,4/04/2001,3.4,1-May,0.54,lsd (P=0.05),0.506,,0.085,lsd (P=0.05),NA,,No,,87
mung0001/01,2001,Bongeen_1,Emerald,RB,,,,1,5,11/02/2001,,,,,16/03/2001,Headland(SC),Sulphur,2400,2,16/03/2001,,,,,,,1,9/05/2001,4/04/2001,2.5,1-May,0.54,lsd (P=0.05),0.594,,0.085,lsd (P=0.05),0.088,,No,,87
mung0001/01,2001,Bongeen_1,Emerald,RB,,,,1,5,11/02/2001,,,,,16/03/2001,Headland(SC),Sulphur,2400,3,16/03/2001,26/03/2001,,,,,,2,9/05/2001,4/04/2001,1.3,1-May,0.54,lsd (P=0.05),0.637,,0.085,lsd (P=0.05),0.131,,No,,87
mung0001/01,2001,Bongeen_1,Emerald,RB,,,,1,5,11/02/2001,,,,,16/03/2001,Bion,Acibenzolar-S-Methyl,2.5,4,16/03/2001,26/03/2001,,,,,,2,9/05/2001,4/04/2001,3.9,1-May,0.54,lsd (P=0.05),0.498,,0.085,lsd (P=0.05),-0.008,,No,,87
mung0001/01,2001,Bongeen_1,Emerald,RB,,,,1,5,11/02/2001,,,,,16/03/2001,Afugan,Pyrazophos,500ml/ha,5,16/03/2001,26/03/2001,,,,,,2,9/05/2001,4/04/2001,2.9,1-May,0.54,lsd (P=0.05),0.531,,0.085,lsd (P=0.05),0.025,,No,,87
mung0001/01,2001,Bongeen_1,Emerald,RB,,,,1,5,11/02/2001,,,,,16/03/2001,Bavistin,Carbendazim,250,6,16/03/2001,26/03/2001,,,,,,2,9/05/2001,4/04/2001,2.2,1-May,0.54,lsd (P=0.05),0.588,,0.085,lsd (P=0.05),0.082,,No,,87
mung0001/01,2001,Bongeen_1,Emerald,RB,,,,1,5,11/02/2001,,,,,16/03/2001,Benlate,Benomyl,250,7,16/03/2001,26/03/2001,,,,,,2,9/05/2001,4/04/2001,1.9,1-May,0.54,lsd (P=0.05),0.7,,0.085,lsd (P=0.05),0.194,,No,,87
mung0102/01,2002,Bongeen_2,Emerald,RB,,,,1,3,,,,,,7/02/2002,Headland(SC),Sulphur (SC),2400,1,7/02/2002,19/02/2002,,,,,,2,18/03/2002,17/04/2002,,,,,"pooled yield data from, mung0102/01, mung0102/02, mung0102/03 available",,,,,,,First fungicide application had 22mm of rain 5 hours after,37294
mung0102/01,2002,Bongeen_2,Emerald,RB,,,,1,3,,,,,,7/02/2002,Headland(SC) + Chemwet (adj),Sulphur (SC),2400,2,7/02/2002,19/02/2002,,,,,,2,18/03/2002,17/04/2002,,,,,"pooled yield data from, mung0102/01, mung0102/02, mung0102/03 available",,,,,,,First fungicide application had 22mm of rain 5 hours after,37333
mung0102/01,2002,Bongeen_2,Emerald,RB,,,,1,3,,,,,,7/02/2002,Headland(SC) + Guard (adj),Sulphur (SC),2400,3,7/02/2002,19/02/2002,,,,,,2,18/03/2002,17/04/2002,,,,,"pooled yield data from, mung0102/01, mung0102/02, mung0102/03 available",,,,,,,First fungicide application had 22mm of rain 5 hours after,37333
mung0102/01,2002,Bongeen_2,Emerald,RB,,,,1,3,,,,,,7/02/2002,Headland(SC) + Bond (adj),Sulphur (SC),2400,4,7/02/2002,19/02/2002,,,,,,2,18/03/2002,17/04/2002,,,,,"pooled yield data from, mung0102/01, mung0102/02, mung0102/03 available",,,,,,,First fungicide application had 22mm of rain 5 hours after,37333
mung0102/01,2002,Bongeen_2,Emerald,RB,,,,1,3,,,,,,7/02/2002,Headland(SC) + Freeway (adj),Sulphur (SC),2400,5,7/02/2002,19/02/2002,,,,,,2,18/03/2002,17/04/2002,,,,,"pooled yield data from, mung0102/01, mung0102/02, mung0102/03 available",,,,,,,First fungicide application had 22mm of rain 5 hours after,37333
mung0102/01,2002,Bongeen_2,Emerald,RB,,,,1,3,,,,,,7/02/2002,Headland(SC) + Bond (adj) + Freeway (adj),Sulphur (SC),2400,6,7/02/2002,19/02/2002,,,,,,2,18/03/2002,17/04/2002,,,,,"pooled yield data from, mung0102/01, mung0102/02, mung0102/03 available",,,,,,,First fungicide application had 22mm of rain 5 hours after,37333
mung0102/01,2002,Bongeen_2,Emerald,RB,,,,1,3,,,,,,7/02/2002,Barmac sulphur (WP),Sulphur (WP),2400,7,7/02/2002,19/02/2002,,,,,,2,18/03/2002,17/04/2002,,,,,"pooled yield data from, mung0102/01, mung0102/02, mung0102/03 available",,,,,,,First fungicide application had 22mm of rain 5 hours after,37333
mung0102/01,2002,Bongeen_2,Emerald,RB,,,,1,3,,,,,,7/02/2002,Barmac sulphur (WP) + Chemwet (adj),Sulphur (WP),2400,8,7/02/2002,19/02/2002,,,,,,2,18/03/2002,17/04/2002,,,,,"pooled yield data from, mung0102/01, mung0102/02, mung0102/03 available",,,,,,,First fungicide application had 22mm of rain 5 hours after,37333
mung0102/01,2002,Bongeen_2,Emerald,RB,,,,1,3,,,,,,7/02/2002,Barmac sulphur (WP) + Guard (adj),Sulphur (WP),2400,9,7/02/2002,19/02/2002,,,,,,2,18/03/2002,17/04/2002,,,,,"pooled yield data from, mung0102/01, mung0102/02, mung0102/03 available",,,,,,,First fungicide application had 22mm of rain 5 hours after,37333
mung0102/01,2002,Bongeen_2,Emerald,RB,,,,1,3,,,,,,7/02/2002,Barmac sulphur (WP) + Bond (adj),Sulphur (WP),2400,10,7/02/2002,19/02/2002,,,,,,2,18/03/2002,17/04/2002,,,,,"pooled yield data from, mung0102/01, mung0102/02, mung0102/03 available",,,,,,,First fungicide application had 22mm of rain 5 hours after,37333
mung0102/01,2002,Bongeen_2,Emerald,RB,,,,1,3,,,,,,7/02/2002,Barmac sulphur (WP) + Freeway (adj),Sulphur (WP),2400,11,7/02/2002,19/02/2002,,,,,,2,18/03/2002,17/04/2002,,,,,"pooled yield data from, mung0102/01, mung0102/02, mung0102/03 available",,,,,,,First fungicide application had 22mm of rain 5 hours after,37333
mung0102/01,2002,Bongeen_2,Emerald,RB,,,,1,3,,,,,,7/02/2002,Barmac sulphur (WP)  + Bond (adj) + Freeway (adj),Sulphur (WP),2400,12,7/02/2002,19/02/2002,,,,,,2,18/03/2002,17/04/2002,,,,,"pooled yield data from, mung0102/01, mung0102/02, mung0102/03 available",,,,,,,First fungicide application had 22mm of rain 5 hours after,37333
mung0102/02,2002,Hermitage,Emerald,RB,,,,0.75,6,29/01/2002,,,,,19/03/2002,NA,control,NA,1,,,,,,,,0,15/05/2002,17/04/2002,3.5,1-May,0.42,lsd (P=0.05),"pooled yield data from, mung0102/01, mung0102/02, mung0102/03 available",,,,,,,disease rating scale was transformed from 1-5 to 1-9,-37285
mung0102/02,2002,Hermitage,Emerald,RB,,,,0.75,6,29/01/2002,,,,,19/03/2002,Headland(SC),Sulphur (SC),2400,2,7/02/2002,19/02/2002,,,,,,2,15/05/2002,17/04/2002,2,1-May,0.42,lsd (P=0.05),"pooled yield data from, mung0102/01, mung0102/02, mung0102/03 available",,,,,,,disease rating scale was transformed from 1-5 to 1-9,9
mung0102/02,2002,Hermitage,Emerald,RB,,,,0.75,3,29/01/2002,,,,,19/03/2002,Headland(SC) + Chemwet (adj),Sulphur (SC),2400,3,7/02/2002,19/02/2002,,,,,,2,15/05/2002,17/04/2002,2,1-May,0.42,lsd (P=0.05),"pooled yield data from, mung0102/01, mung0102/02, mung0102/03 available",,,,,,,disease rating scale was transformed from 1-5 to 1-9,106
mung0102/02,2002,Hermitage,Emerald,RB,,,,0.75,3,29/01/2002,,,,,19/03/2002,Headland(SC) + Guard (adj),Sulphur (SC),2400,4,7/02/2002,19/02/2002,,,,,,2,15/05/2002,17/04/2002,1.67,1-May,0.42,lsd (P=0.05),"pooled yield data from, mung0102/01, mung0102/02, mung0102/03 available",,,,,,,disease rating scale was transformed from 1-5 to 1-9,106
mung0102/02,2002,Hermitage,Emerald,RB,,,,0.75,3,29/01/2002,,,,,19/03/2002,Headland(SC) + Bond (adj),Sulphur (SC),2400,5,7/02/2002,19/02/2002,,,,,,2,15/05/2002,17/04/2002,2,1-May,0.42,lsd (P=0.05),"pooled yield data from, mung0102/01, mung0102/02, mung0102/03 available",,,,,,,disease rating scale was transformed from 1-5 to 1-9,106
mung0102/02,2002,Hermitage,Emerald,RB,,,,0.75,3,29/01/2002,,,,,19/03/2002,Headland(SC) + Freeway (adj),Sulphur (SC),2400,6,7/02/2002,19/02/2002,,,,,,2,15/05/2002,17/04/2002,2,1-May,0.42,lsd (P=0.05),"pooled yield data from, mung0102/01, mung0102/02, mung0102/03 available",,,,,,,disease rating scale was transformed from 1-5 to 1-9,106
mung0102/02,2002,Hermitage,Emerald,RB,,,,0.75,3,29/01/2002,,,,,19/03/2002,Headland(SC) + Bond (adj) + Freeway (adj),Sulphur (SC),2400,7,7/02/2002,19/02/2002,,,,,,2,15/05/2002,17/04/2002,2,1-May,0.42,lsd (P=0.05),"pooled yield data from, mung0102/01, mung0102/02, mung0102/03 available",,,,,,,disease rating scale was transformed from 1-5 to 1-9,106
mung0102/02,2002,Hermitage,Emerald,RB,,,,0.75,3,29/01/2002,,,,,19/03/2002,Barmac sulphur (WP),Sulphur (WP),2400,8,7/02/2002,19/02/2002,,,,,,2,15/05/2002,17/04/2002,1.67,1-May,0.42,lsd (P=0.05),"pooled yield data from, mung0102/01, mung0102/02, mung0102/03 available",,,,,,,disease rating scale was transformed from 1-5 to 1-9,106
mung0102/02,2002,Hermitage,Emerald,RB,,,,0.75,3,29/01/2002,,,,,19/03/2002,Barmac sulphur (WP) + Chemwet (adj),Sulphur (WP),2400,9,7/02/2002,19/02/2002,,,,,,2,15/05/2002,17/04/2002,1.67,1-May,0.42,lsd (P=0.05),"pooled yield data from, mung0102/01, mung0102/02, mung0102/03 available",,,,,,,disease rating scale was transformed from 1-5 to 1-9,106
mung0102/02,2002,Hermitage,Emerald,RB,,,,0.75,3,29/01/2002,,,,,19/03/2002,Barmac sulphur (WP) + Guard (adj),Sulphur (WP),2400,10,7/02/2002,19/02/2002,,,,,,2,15/05/2002,17/04/2002,1.67,1-May,0.42,lsd (P=0.05),"pooled yield data from, mung0102/01, mung0102/02, mung0102/03 available",,,,,,,disease rating scale was transformed from 1-5 to 1-9,106
mung0102/02,2002,Hermitage,Emerald,RB,,,,0.75,3,29/01/2002,,,,,19/03/2002,Barmac sulphur (WP) + Bond (adj),Sulphur (WP),2400,11,7/02/2002,19/02/2002,,,,,,2,15/05/2002,17/04/2002,2,1-May,0.42,lsd (P=0.05),"pooled yield data from, mung0102/01, mung0102/02, mung0102/03 available",,,,,,,disease rating scale was transformed from 1-5 to 1-9,106
mung0102/02,2002,Hermitage,Emerald,RB,,,,0.75,3,29/01/2002,,,,,19/03/2002,Barmac sulphur (WP) + Freeway (adj),Sulphur (WP),2400,12,7/02/2002,19/02/2002,,,,,,2,15/05/2002,17/04/2002,2,1-May,0.42,lsd (P=0.05),"pooled yield data from, mung0102/01, mung0102/02, mung0102/03 available",,,,,,,disease rating scale was transformed from 1-5 to 1-9,106
mung0102/02,2002,Hermitage,Emerald,RB,,,,0.75,3,29/01/2002,,,,,19/03/2002,Barmac sulphur (WP)  + Bond (adj) + Freeway (adj),Sulphur (WP),2400,13,7/02/2002,19/02/2002,,,,,,2,15/05/2002,17/04/2002,1.67,1-May,0.42,lsd (P=0.05),"pooled yield data from, mung0102/01, mung0102/02, mung0102/03 available",,,,,,,disease rating scale was transformed from 1-5 to 1-9,106
mung0102/03,2002,Hermitage,Emerald,RB,,,,0.75,6,12/02/2002,,,,,4/04/2002,NA,control,NA,1,,,,,,,,0,30/05/2002,17/04/2002,3.67,1-May,0.45,lsd (P=0.05),"pooled yield data from, mung0102/01, mung0102/02, mung0102/03 available",,,,,,,disease rating scale was transformed from 1-5 to 1-9,-37299
mung0102/03,2002,Hermitage,Emerald,RB,,,,0.75,6,12/02/2002,,,,,4/04/2002,Headland(SC),Sulphur (SC),2400,1,4/04/2002,,,,,,,1,30/05/2002,17/04/2002,2.33,1-May,0.45,lsd (P=0.05),"pooled yield data from, mung0102/01, mung0102/02, mung0102/03 available",,,,,,,disease rating scale was transformed from 1-5 to 1-9,51
mung0102/03,2002,Hermitage,Emerald,RB,,,,0.75,3,12/02/2002,,,,,4/04/2002,Headland(SC) + Chemwet (adj),Sulphur (SC),2400,2,4/04/2002,,,,,,,1,30/05/2002,17/04/2002,1.67,1-May,0.45,lsd (P=0.05),"pooled yield data from, mung0102/01, mung0102/02, mung0102/03 available",,,,,,,disease rating scale was transformed from 1-5 to 1-9,107
mung0102/03,2002,Hermitage,Emerald,RB,,,,0.75,3,12/02/2002,,,,,4/04/2002,Headland(SC) + Guard (adj),Sulphur (SC),2400,3,4/04/2002,,,,,,,1,30/05/2002,17/04/2002,2,1-May,0.45,lsd (P=0.05),"pooled yield data from, mung0102/01, mung0102/02, mung0102/03 available",,,,,,,disease rating scale was transformed from 1-5 to 1-9,107
mung0102/03,2002,Hermitage,Emerald,RB,,,,0.75,3,12/02/2002,,,,,4/04/2002,Headland(SC) + Bond (adj),Sulphur (SC),2400,4,4/04/2002,,,,,,,1,30/05/2002,17/04/2002,2.67,1-May,0.45,lsd (P=0.05),"pooled yield data from, mung0102/01, mung0102/02, mung0102/03 available",,,,,,,disease rating scale was transformed from 1-5 to 1-9,107
mung0102/03,2002,Hermitage,Emerald,RB,,,,0.75,3,12/02/2002,,,,,4/04/2002,Headland(SC) + Freeway (adj),Sulphur (SC),2400,5,4/04/2002,,,,,,,1,30/05/2002,17/04/2002,2,1-May,0.45,lsd (P=0.05),"pooled yield data from, mung0102/01, mung0102/02, mung0102/03 available",,,,,,,disease rating scale was transformed from 1-5 to 1-9,107
mung0102/03,2002,Hermitage,Emerald,RB,,,,0.75,3,12/02/2002,,,,,4/04/2002,Headland(SC) + Bond (adj) + Freeway (adj),Sulphur (SC),2400,6,4/04/2002,,,,,,,1,30/05/2002,17/04/2002,2,1-May,0.45,lsd (P=0.05),"pooled yield data from, mung0102/01, mung0102/02, mung0102/03 available",,,,,,,disease rating scale was transformed from 1-5 to 1-9,107
mung0102/03,2002,Hermitage,Emerald,RB,,,,0.75,3,12/02/2002,,,,,4/04/2002,Barmac sulphur (WP),Sulphur (WP),2400,7,4/04/2002,,,,,,,1,30/05/2002,17/04/2002,2,1-May,0.45,lsd (P=0.05),"pooled yield data from, mung0102/01, mung0102/02, mung0102/03 available",,,,,,,disease rating scale was transformed from 1-5 to 1-9,107
mung0102/03,2002,Hermitage,Emerald,RB,,,,0.75,3,12/02/2002,,,,,4/04/2002,Barmac sulphur (WP) + Chemwet (adj),Sulphur (WP),2400,8,4/04/2002,,,,,,,1,30/05/2002,17/04/2002,1.67,1-May,0.45,lsd (P=0.05),"pooled yield data from, mung0102/01, mung0102/02, mung0102/03 available",,,,,,,disease rating scale was transformed from 1-5 to 1-9,107
mung0102/03,2002,Hermitage,Emerald,RB,,,,0.75,3,12/02/2002,,,,,4/04/2002,Barmac sulphur (WP) + Guard (adj),Sulphur (WP),2400,9,4/04/2002,,,,,,,1,30/05/2002,17/04/2002,1.67,1-May,0.45,lsd (P=0.05),"pooled yield data from, mung0102/01, mung0102/02, mung0102/03 available",,,,,,,disease rating scale was transformed from 1-5 to 1-9,107
mung0102/03,2002,Hermitage,Emerald,RB,,,,0.75,3,12/02/2002,,,,,4/04/2002,Barmac sulphur (WP) + Bond (adj),Sulphur (WP),2400,10,4/04/2002,,,,,,,1,30/05/2002,17/04/2002,1.95,1-May,0.45,lsd (P=0.05),"pooled yield data from, mung0102/01, mung0102/02, mung0102/03 available",,,,,,,disease rating scale was transformed from 1-5 to 1-9,107
mung0102/03,2002,Hermitage,Emerald,RB,,,,0.75,3,12/02/2002,,,,,4/04/2002,Barmac sulphur (WP) + Freeway (adj),Sulphur (WP),2400,11,4/04/2002,,,,,,,1,30/05/2002,17/04/2002,1.67,1-May,0.45,lsd (P=0.05),"pooled yield data from, mung0102/01, mung0102/02, mung0102/03 available",,,,,,,disease rating scale was transformed from 1-5 to 1-9,107
mung0102/03,2002,Hermitage,Emerald,RB,,,,0.75,3,12/02/2002,,,,,4/04/2002,Barmac sulphur (WP)  + Bond (adj) + Freeway (adj),Sulphur (WP),2400,12,4/04/2002,,,,,,,1,30/05/2002,17/04/2002,1.33,1-May,0.45,lsd (P=0.05),"pooled yield data from, mung0102/01, mung0102/02, mung0102/03 available",,,,,,,disease rating scale was transformed from 1-5 to 1-9,107
mung0102/04,2002,Kingaroy,Emerald,RB,,,,0.9,8,12/02/2002,,,,,5/04/2002,NA,control,NA,1,NA,,,,,,,0,17/05/2002,18/04/2002,2.63,1-May,0.32,lsd (P=0.05),0.945,,,,NA,,,disease rating scale was transformed from 1-5 to 1-9,94
mung0102/04,2002,Kingaroy,Emerald,RB,,,,0.9,8,12/02/2002,,,,,5/04/2002,Headland(SC),Sulphur (SC),2400,2,5/04/2002,,,,,,,1,17/05/2002,18/04/2002,1,1-May,0.32,lsd (P=0.05),1.041,,,,0.096,,,disease rating scale was transformed from 1-5 to 1-9,94
mung0102/04,2002,Kingaroy,Emerald,RB,,,,0.9,8,12/02/2002,,,,,5/04/2002,Barmac sulphur (WP),Sulphur (WP),2400,3,5/04/2002,,,,,,,1,17/05/2002,18/04/2002,1,1-May,0.32,lsd (P=0.05),0.959,,,,0.014,,,disease rating scale was transformed from 1-5 to 1-9,94
mung0304/01,2002,Redvale,Berken,RB,,,,0.9,7,21/02/2004,,,,,23/03/2004,NA,control,2400,1,NA,,,,,,,0,28/04/2004,19/04/2004,4.29,1-May,0.29,lsd (P=0.05),0.814,,,,-0.131,,,disease rating scale was transformed from 1-5 to 1-9,67
mung0304/01,2002,Redvale,Berken,RB,,,,0.9,7,21/02/2004,,,,,23/03/2004,Headland(SC),Sulphur (SC),2400,2,23/03/2004,7/04/2004,,,,,,2,28/04/2004,19/04/2004,1.71,1-May,0.29,lsd (P=0.05),0.939,,,,-0.006,,,disease rating scale was transformed from 1-5 to 1-9,67
mung0304/01,2002,Redvale,Berken,RB,,,,0.9,7,21/02/2004,,,,,23/03/2004,Agtiva Ultra sulphur fertiliser,Sulphur (Ultra SC),2400,3,23/03/2004,7/04/2004,,,,,,2,28/04/2004,19/04/2004,2.14,1-May,0.29,lsd (P=0.05),0.962,,,,0.017,,,disease rating scale was transformed from 1-5 to 1-9,67
mung0910/01,2010,Hermitage,Berken,RB,7.766666667,4,,0.25,3,22/01/2010,,,,,18/03/2010,NA,control,0,1,,,,,,,,0,14/05/2010,20/04/2010,5,"""1-9""",0,stdev,1.0011,,0.033003976,stdev,NA,,Yes,GenStat analysis file available,112
mung0910/01,2010,Hermitage,Berken,RB,7.733333333,4,,0.25,3,22/01/2010,,,,,18/03/2010,Kendon,Sulphur,2400,2,19/02/2010,26/02/2010,5/03/2010,11/03/2010,18/03/2010,25/03/2010,7/04/2010,7,14/05/2010,20/04/2010,1,"""1-9""",0,stdev,1.1194,,0.17442898,stdev,0.1183,0.105683799,Yes,GenStat analysis file available,112
mung0910/01,2010,Hermitage,Berken,RB,7.7,4,,0.25,3,22/01/2010,,,,,18/03/2010,Kendon,Sulphur,2400,3,19/02/2010,26/02/2010,,,,,,2,14/05/2010,20/04/2010,5,"""1-9""",0,stdev,1.1751,,0.052713165,stdev,0.174,0.148085313,Yes,GenStat analysis file available,112
mung0910/01,2010,Hermitage,Berken,RB,7.833333333,4,,0.25,3,22/01/2010,,,,,18/03/2010,Kendon,Sulphur,2400,4,18/03/2010,,,,,,,1,14/05/2010,20/04/2010,4,"""1-9""",0,stdev,1.2608,,0.088210191,stdev,0.2597,0.205972752,Yes,GenStat analysis file available,112
mung0910/01,2010,Hermitage,Berken,RB,7.833333333,4,,0.25,3,22/01/2010,,,,,18/03/2010,,Carbendazim,250,5,18/03/2010,,,,,,,1,14/05/2010,20/04/2010,3.333333333,"""1-9""",0.577350269,stdev,1.276,,0.157446272,stdev,0.2749,0.215450554,Yes,GenStat analysis file available,112
mung0910/01,2010,Hermitage,Crystal,RB,7.8,4,,0.25,3,22/01/2010,,,,,18/03/2010,NA,control,0,1,,,,,,,,0,14/05/2010,20/04/2010,5.333333333,"""1-9""",0.577350269,stdev,1.7045,,0.110798065,stdev,NA,,Yes,GenStat analysis file available,112
mung0910/01,2010,Hermitage,Crystal,RB,7.7,4,,0.25,3,22/01/2010,,,,,18/03/2010,Kendon,Sulphur,2400,2,19/02/2010,26/02/2010,5/03/2010,11/03/2010,18/03/2010,25/03/2010,7/04/2010,7,14/05/2010,20/04/2010,1,"""1-9""",0,stdev,1.7861,,0.155078125,stdev,0.0816,0.045669882,Yes,GenStat analysis file available,112
mung0910/01,2010,Hermitage,Crystal,RB,7.9,4,,0.25,3,22/01/2010,,,,,18/03/2010,Kendon,Sulphur,2400,3,19/02/2010,26/02/2010,,,,,,2,14/05/2010,20/04/2010,4.666666667,"""1-9""",0.577350269,stdev,1.6686,,0.276883811,stdev,-0.0359,-0.021530702,Yes,GenStat analysis file available,112
mung0910/01,2010,Hermitage,Crystal,RB,7.833333333,4,,0.25,3,22/01/2010,,,,,18/03/2010,Kendon,Sulphur,2400,4,18/03/2010,,,,,,,1,14/05/2010,20/04/2010,3.666666667,"""1-9""",0.577350269,stdev,1.8919,,0.023232069,stdev,0.1874,0.099034229,Yes,GenStat analysis file available,112
mung0910/01,2010,Hermitage,Crystal,RB,7.566666667,4,,0.25,3,22/01/2010,,,,,18/03/2010,,Carbendazim,250,5,18/03/2010,,,,,,,1,14/05/2010,20/04/2010,3.333333333,"""1-9""",0.577350269,stdev,1.736,,0.06524912,stdev,0.0315,0.018139304,Yes,GenStat analysis file available,112
mung0910/01,2010,Hermitage,Green diamond,RB,7.833333333,4,,0.25,3,22/01/2010,,,,,18/03/2010,NA,control,0,1,,,,,,,,0,14/05/2010,20/04/2010,4.333333333,"""1-9""",0.577350269,stdev,1.0333,,0.077024052,stdev,NA,,Yes,GenStat analysis file available,112
mung0910/01,2010,Hermitage,Green diamond,RB,7.833333333,4,,0.25,3,22/01/2010,,,,,18/03/2010,Kendon,Sulphur,2400,2,19/02/2010,26/02/2010,5/03/2010,11/03/2010,18/03/2010,25/03/2010,7/04/2010,7,14/05/2010,20/04/2010,1,"""1-9""",0,stdev,1.0301,,0.170865764,stdev,-0.0033,-0.003174318,Yes,GenStat analysis file available,112
mung0910/01,2010,Hermitage,Green diamond,RB,8.1,4,,0.25,3,22/01/2010,,,,,18/03/2010,Kendon,Sulphur,2400,3,19/02/2010,26/02/2010,,,,,,2,14/05/2010,20/04/2010,4.666666667,"""1-9""",0.577350269,stdev,1.196,,0.063411903,stdev,0.1627,0.136017365,Yes,GenStat analysis file available,112
mung0910/01,2010,Hermitage,Green diamond,RB,7.8,4,,0.25,3,22/01/2010,,,,,18/03/2010,Kendon,Sulphur,2400,4,18/03/2010,,,,,,,1,14/05/2010,20/04/2010,2.666666667,"""1-9""",0.577350269,stdev,1.0841,,0.101596542,stdev,0.0508,0.046836775,Yes,GenStat analysis file available,112
mung0910/01,2010,Hermitage,Green diamond,RB,7.766666667,4,,0.25,3,22/01/2010,,,,,18/03/2010,,Carbendazim,250,5,18/03/2010,,,,,,,1,14/05/2010,20/04/2010,2.666666667,"""1-9""",0.577350269,stdev,1.1442,,0.103203529,stdev,0.1109,0.096893469,Yes,GenStat analysis file available,112
mung0910/02,2010,Kingaroy,Berken,RB,9.6,0.9,,0.25,3,29/01/2010,,,,,26/03/2010,NA,control,0,1,,,,,,,,0,19/05/2010,29/04/2010,6.667,"""1-9""",17.9,cv%,1.428,,12.5,cv%,NA,,No,GenStat analysis file available,110
mung0910/02,2010,Kingaroy,Berken,RB,9.6,0.9,,0.25,3,29/01/2010,,,,,26/03/2010,Kendon,Sulphur,2400,2,12/03/2010,26/03/2010,9/04/2010,,,,,3,19/05/2010,29/04/2010,2.667,"""1-9""",17.9,cv%,1.465,,103.217,cv%,0.037,0.025255973,No,GenStat analysis file available,110
mung0910/02,2010,Kingaroy,Berken,RB,9.6,0.9,,0.25,3,29/01/2010,,,,,26/03/2010,Kendon,Sulphur,2400,3,12/03/2010,,,,,,,1,19/05/2010,29/04/2010,6,"""1-9""",17.9,cv%,1.379,,103.217,cv%,-0.049,-0.035532995,No,GenStat analysis file available,110
mung0910/02,2010,Kingaroy,Berken,RB,9.6,0.9,,0.25,3,29/01/2010,,,,,26/03/2010,Kendon,Sulphur,2400,4,26/03/2010,,,,,,,1,19/05/2010,29/04/2010,4.33,"""1-9""",17.9,cv%,1.536,,103.217,cv%,0.108,0.0703125,No,GenStat analysis file available,110
mung0910/02,2010,Kingaroy,Berken,RB,9.6,0.9,,0.25,3,29/01/2010,,,,,26/03/2010,,Carbendazim,250,5,26/03/2010,,,,,,,1,19/05/2010,29/04/2010,3,"""1-9""",17.9,cv%,1.542,,103.217,cv%,0.114,0.073929961,No,GenStat analysis file available,110
mung0910/02,2010,Kingaroy,Crystal,RB,9.6,0.9,,0.25,3,29/01/2010,,,,,26/03/2010,NA,control,0,1,,,,,,,,0,19/05/2010,29/04/2010,4,"""1-9""",17.9,cv%,1.381,,103.217,cv%,NA,,No,GenStat analysis file available,110
mung0910/02,2010,Kingaroy,Crystal,RB,9.6,0.9,,0.25,3,29/01/2010,,,,,26/03/2010,Kendon,Sulphur,2400,2,12/03/2010,26/03/2010,9/04/2010,,,,,3,19/05/2010,29/04/2010,1,"""1-9""",17.9,cv%,1.249,,103.217,cv%,-0.132,-0.105684548,No,GenStat analysis file available,110
mung0910/02,2010,Kingaroy,Crystal,RB,9.6,0.9,,0.25,3,29/01/2010,,,,,26/03/2010,Kendon,Sulphur,2400,3,12/03/2010,,,,,,,1,19/05/2010,29/04/2010,3.333,"""1-9""",17.9,cv%,1.395,,103.217,cv%,0.014,0.010035842,No,GenStat analysis file available,110
mung0910/02,2010,Kingaroy,Crystal,RB,9.6,0.9,,0.25,3,29/01/2010,,,,,26/03/2010,Kendon,Sulphur,2400,4,26/03/2010,,,,,,,1,19/05/2010,29/04/2010,3.333,"""1-9""",17.9,cv%,1.374,,103.217,cv%,-0.007,-0.005094614,No,GenStat analysis file available,110
mung0910/02,2010,Kingaroy,Crystal,RB,9.6,0.9,,0.25,3,29/01/2010,,,,,26/03/2010,,Carbendazim,250,5,26/03/2010,,,,,,,1,19/05/2010,29/04/2010,2,"""1-9""",17.9,cv%,1.378,,103.217,cv%,-0.003,-0.002177068,No,GenStat analysis file available,110
mung0910/02,2010,Kingaroy,Green diamond,RB,9.6,0.9,,0.25,3,29/01/2010,,,,,26/03/2010,NA,control,0,1,,,,,,,,0,19/05/2010,29/04/2010,3.667,"""1-9""",17.9,cv%,1.373,,103.217,cv%,,,No,GenStat analysis file available,110
mung0910/02,2010,Kingaroy,Green diamond,RB,9.6,0.9,,0.25,3,29/01/2010,,,,,26/03/2010,Kendon,Sulphur,2400,2,12/03/2010,26/03/2010,9/04/2010,,,,,3,19/05/2010,29/04/2010,2,"""1-9""",17.9,cv%,1.286,,103.217,cv%,-0.087,-0.067651633,No,GenStat analysis file available,110
mung0910/02,2010,Kingaroy,Green diamond,RB,9.6,0.9,,0.25,3,29/01/2010,,,,,26/03/2010,Kendon,Sulphur,2400,3,12/03/2010,,,,,,,1,19/05/2010,29/04/2010,3.333,"""1-9""",17.9,cv%,1.177,,103.217,cv%,-0.196,-0.166525064,No,GenStat analysis file available,110
mung0910/02,2010,Kingaroy,Green diamond,RB,9.6,0.9,,0.25,3,29/01/2010,,,,,26/03/2010,Kendon,Sulphur,2400,4,26/03/2010,,,,,,,1,19/05/2010,29/04/2010,3.333,"""1-9""",17.9,cv%,1.306,,103.217,cv%,-0.067,-0.051301685,No,GenStat analysis file available,110
mung0910/02,2010,Kingaroy,Green diamond,RB,9.6,0.9,,0.25,3,29/01/2010,,,,,26/03/2010,,Carbendazim,250,5,26/03/2010,,,,,,,1,19/05/2010,29/04/2010,1.667,"""1-9""",17.9,cv%,1.264,,103.217,cv%,-0.109,-0.086234177,No,GenStat analysis file available,110
mung1011/01,2011,Hermitage,Berken,RCB,11,4,,0.75,3,24/01/2011,,,,,28/03/2011,NA,control,0,1,,,,,,,,0,25/04/2011,11/04/2011,5,"""1-9""",0,stdev,1.629,,0.024,stdev,NA,,Yes,,91
mung1011/01,2011,Hermitage,Berken,RCB,11,4,,0.75,3,24/01/2011,,,,,28/03/2011,NA,control,0,2,,,,,,,,0,25/04/2011,11/04/2011,4.333333333,"""1-9""",0.577350269,stdev,1.694,,0.175,stdev,NA,,Yes,,91
mung1011/01,2011,Hermitage,Berken,RCB,11,4,,0.75,3,24/01/2011,,,,,28/03/2011,Folicur,Tebeconazole,62.35,3,28/03/2011,,,,,,,1,25/04/2011,11/04/2011,2,"""1-9""",0,stdev,1.769,,0.194,stdev,0.1075,0.061,Yes,,91
mung1011/01,2011,Hermitage,Berken,RCB,11,4,,0.75,3,24/01/2011,,,,,28/03/2011,Kendon,Sulphur,3000,4,28/03/2011,,,,,,,1,25/04/2011,11/04/2011,2.333333333,"""1-9""",0.577350269,stdev,1.808,,0.112,stdev,0.1465,0.081,Yes,,91
mung1011/01,2011,Hermitage,Berken,RCB,11,4,,0.75,3,24/01/2011,,,,,28/03/2011,Kendon,Sulphur,3000,5,28/02/2011,14/03/2011,28/03/2011,,,,,3,25/04/2011,11/04/2011,1.666666667,"""1-9""",0.577350269,stdev,1.75,,0.087,stdev,0.0886,0.051,Yes,,91
mung1011/01,2011,Hermitage,Berken,RCB,11,4,,0.75,3,24/01/2011,,,,,28/03/2011,Amistar Xtra,Amistar,120,6,28/03/2011,,,,,,,1,25/04/2011,11/04/2011,1,"""1-9""",0,stdev,1.609,,0.362,stdev,-0.0531,-0.033,Yes,,91
mung1011/01,2011,Hermitage,Berken,RCB,11,4,,0.75,3,24/01/2011,,,,,28/03/2011,Amistar Xtra,Amistar,120,7,28/02/2011,14/03/2011,28/03/2011,,,,,3,25/04/2011,11/04/2011,1,"""1-9""",0,stdev,1.664,,0.104,stdev,0.0018,0.001,Yes,,91
mung1011/01,2011,Hermitage,Crystal,RCB,11,4,,0.75,3,24/01/2011,,,,,28/03/2011,NA,control,0,1,,,,,,,,0,25/04/2011,11/04/2011,5,"""1-9""",0,stdev,1.399,,0.009,stdev,NA,,Yes,First sign of powdery mildew 9 weeks after planting (at flowering); Final assessment 11 weeks after planting;,91
mung1011/01,2011,Hermitage,Crystal,RCB,11,4,,0.75,3,24/01/2011,,,,,28/03/2011,NA,control,0,2,,,,,,,,0,25/04/2011,11/04/2011,5,"""1-9""",0,stdev,1.376,,0.196,stdev,NA,,Yes,First sign of powdery mildew 9 weeks after planting (at flowering); Final assessment 11 weeks after planting;,91
mung1011/01,2011,Hermitage,Crystal,RCB,11,4,,0.75,3,24/01/2011,,,,,28/03/2011,Folicur,Tebeconazole,62.35,3,28/03/2011,,,,,,,1,25/04/2011,11/04/2011,2.333333333,"""1-9""",0.6,stdev,1.544,,0.128,stdev,0.1563,0.101,Yes,First sign of powdery mildew 9 weeks after planting (at flowering); Final assessment 11 weeks after planting;,91
mung1011/01,2011,Hermitage,Crystal,RCB,11,4,,0.75,3,24/01/2011,,,,,28/03/2011,Kendon,Sulphur,3000,4,28/03/2011,,,,,,,1,25/04/2011,11/04/2011,3,"""1-9""",0,stdev,1.407,,0.112,stdev,0.0189,0.013,Yes,First sign of powdery mildew 9 weeks after planting (at flowering); Final assessment 11 weeks after planting;,91
mung1011/01,2011,Hermitage,Crystal,RCB,11,4,,0.75,3,24/01/2011,,,,,28/03/2011,Kendon,Sulphur,3000,5,28/02/2011,14/03/2011,28/03/2011,,,,,3,25/04/2011,11/04/2011,2,"""1-9""",0,stdev,1.639,,0.051,stdev,0.2514,0.153,Yes,First sign of powdery mildew 9 weeks after planting (at flowering); Final assessment 11 weeks after planting;,91
mung1011/01,2011,Hermitage,Crystal,RCB,11,4,,0.75,3,24/01/2011,,,,,28/03/2011,Amistar Xtra,Amistar,120,6,28/03/2011,,,,,,,1,25/04/2011,11/04/2011,1,"""1-9""",0,stdev,1.519,,0.064,stdev,0.1316,0.087,Yes,First sign of powdery mildew 9 weeks after planting (at flowering); Final assessment 11 weeks after planting;,91
mung1011/01,2011,Hermitage,Crystal,RCB,11,4,,0.75,3,24/01/2011,,,,,28/03/2011,Amistar Xtra,Amistar,120,7,28/02/2011,14/03/2011,28/03/2011,,,,,3,25/04/2011,11/04/2011,1,"""1-9""",0,stdev,1.427,,0.302,stdev,0.0395,0.028,Yes,First sign of powdery mildew 9 weeks after planting (at flowering); Final assessment 11 weeks after planting;,91
mung1011/02,2011,Kingaroy,Berken,RCB,11,4,,0.75,3,2/02/2011,,,,,22/03/2011,NA,control,0,1,,,,,,,,0,,11/05/2011,8,"""1-9""",0,stdev,0.79846,,0.151042955,stdev,NA,0,yes,First sign of powdery mildew 7 weeks after planting (at flowering); Final assessment 14 weeks after planting; Trial assumed to start on 1/2/2011,-40576
mung1011/02,2011,Kingaroy,Berken,RCB,11,4,,0.75,3,2/02/2011,,,,,22/03/2011,Folicur,Tebeconazole,62.35,2,23/03/2011,,,,,,,1,,11/05/2011,5.333333333,"""1-9""",1.154700538,stdev,1.05857,,0.082443813,stdev,260.11,0.246,yes,First sign of powdery mildew 7 weeks after planting (at flowering); Final assessment 14 weeks after planting; Trial assumed to start on 1/2/2011,-40576
mung1011/02,2011,Kingaroy,Berken,RCB,11,4,,0.75,3,2/02/2011,,,,,22/03/2011,Folicur,Tebeconazole,62.35,3,23/03/2011,13/04/2011,,,,,,2,,11/05/2011,3.333333333,"""1-9""",0.577350269,stdev,0.986235,,0.146495822,stdev,187.775,0.19,yes,First sign of powdery mildew 7 weeks after planting (at flowering); Final assessment 14 weeks after planting; Trial assumed to start on 1/2/2011,-40576
mung1011/02,2011,Kingaroy,Berken,RCB,11,4,,0.75,3,2/02/2011,,,,,22/03/2011,Folicur,Tebeconazole,62.35,4,9/03/2011,30/03/2011,13/04/2011,,,,,3,,11/05/2011,3.666666667,"""1-9""",0.577350269,stdev,0.86358,,0.090367908,stdev,65.12,0.075,yes,First sign of powdery mildew 7 weeks after planting (at flowering); Final assessment 14 weeks after planting; Trial assumed to start on 1/2/2011,-40576
mung1011/02,2011,Kingaroy,Berken,RCB,11,4,,0.75,3,2/02/2011,,,,,22/03/2011,Kendon,Sulphur,3000,5,23/03/2011,,,,,,,1,,11/05/2011,5.666666667,"""1-9""",0.577350269,stdev,0.79624,,0.209443451,stdev,-2.22,-0.003,yes,First sign of powdery mildew 7 weeks after planting (at flowering); Final assessment 14 weeks after planting; Trial assumed to start on 1/2/2011,-40576
mung1011/02,2011,Kingaroy,Berken,RCB,11,4,,0.75,3,2/02/2011,,,,,22/03/2011,Kendon,Sulphur,3000,6,23/03/2011,13/04/2011,,,,,,2,,11/05/2011,3.333333333,"""1-9""",0.577350269,stdev,0.868945,,0.110523527,stdev,70.485,0.081,yes,First sign of powdery mildew 7 weeks after planting (at flowering); Final assessment 14 weeks after planting; Trial assumed to start on 1/2/2011,-40576
mung1011/02,2011,Kingaroy,Berken,RCB,11,4,,0.75,3,2/02/2011,,,,,22/03/2011,Kendon,Sulphur,3000,7,9/03/2011,30/03/2011,13/04/2011,,,,,3,,11/05/2011,3.333333333,"""1-9""",0.577350269,stdev,0.88356,,0.13337448,stdev,85.1,0.096,yes,First sign of powdery mildew 7 weeks after planting (at flowering); Final assessment 14 weeks after planting; Trial assumed to start on 1/2/2011,-40576
mung1011/02,2011,Kingaroy,Berken,RCB,11,4,,0.75,3,2/02/2011,,,,,22/03/2011,Amistar Xtra,Amistar,120,8,23/03/2011,,,,,,,1,,11/05/2011,1.666666667,"""1-9""",0.577350269,stdev,0.8621,,0.11730386,stdev,63.64,0.074,yes,First sign of powdery mildew 7 weeks after planting (at flowering); Final assessment 14 weeks after planting; Trial assumed to start on 1/2/2011,-40576
mung1011/02,2011,Kingaroy,Berken,RCB,11,4,,0.75,3,2/02/2011,,,,,22/03/2011,Amistar Xtra,Amistar,120,9,23/03/2011,13/04/2011,,,,,,2,,11/05/2011,1.666666667,"""1-9""",0.577350269,stdev,0.8658,,0.191049832,stdev,67.34,0.078,yes,First sign of powdery mildew 7 weeks after planting (at flowering); Final assessment 14 weeks after planting; Trial assumed to start on 1/2/2011,-40576
mung1011/02,2011,Kingaroy,Berken,RCB,11,4,,0.75,3,2/02/2011,,,,,22/03/2011,Amistar Xtra,Amistar,120,10,9/03/2011,30/03/2011,13/04/2011,,,,,3,,11/05/2011,1,"""1-9""",0,stdev,0.900395,,0.122504648,stdev,101.935,0.113,yes,First sign of powdery mildew 7 weeks after planting (at flowering); Final assessment 14 weeks after planting; Trial assumed to start on 1/2/2011,-40576
mung1011/02,2011,Kingaroy,Crystal,RCB,11,4,,0.75,3,2/02/2011,,,,,22/03/2011,NA,control,0,11,,,,,,,,0,,11/05/2011,7.666666667,"""1-9""",0.577350269,stdev,0.79846,,0.165196506,stdev,NA,0,yes,First sign of powdery mildew 7 weeks after planting (at flowering); Final assessment 14 weeks after planting; Trial assumed to start on 1/2/2011,-40576
mung1011/02,2011,Kingaroy,Crystal,RCB,11,4,,0.75,3,2/02/2011,,,,,22/03/2011,Folicur,Tebeconazole,62.35,12,23/03/2011,,,,,,,1,,11/05/2011,4.333333333,"""1-9""",0.577350269,stdev,0.730195,,0.186868041,stdev,-68.265,-0.093,yes,First sign of powdery mildew 7 weeks after planting (at flowering); Final assessment 14 weeks after planting; Trial assumed to start on 1/2/2011,-40576
mung1011/02,2011,Kingaroy,Crystal,RCB,11,4,,0.75,3,2/02/2011,,,,,22/03/2011,Folicur,Tebeconazole,62.35,13,23/03/2011,13/04/2011,,,,,,2,,11/05/2011,4,"""1-9""",0,stdev,0.87542,,0.285158942,stdev,76.96,0.088,yes,First sign of powdery mildew 7 weeks after planting (at flowering); Final assessment 14 weeks after planting; Trial assumed to start on 1/2/2011,-40576
mung1011/02,2011,Kingaroy,Crystal,RCB,11,4,,0.75,3,2/02/2011,,,,,22/03/2011,Folicur,Tebeconazole,62.35,14,9/03/2011,30/03/2011,13/04/2011,,,,,3,,11/05/2011,3,"""1-9""",0,stdev,0.64084,,0.160856516,stdev,-157.62,-0.246,yes,First sign of powdery mildew 7 weeks after planting (at flowering); Final assessment 14 weeks after planting; Trial assumed to start on 1/2/2011,-40576
mung1011/02,2011,Kingaroy,Crystal,RCB,11,4,,0.75,3,2/02/2011,,,,,22/03/2011,Kendon,Sulphur,3000,15,23/03/2011,,,,,,,1,,11/05/2011,5.333333333,"""1-9""",0.577350269,stdev,0.665445,,0.050660283,stdev,-133.015,-0.2,yes,First sign of powdery mildew 7 weeks after planting (at flowering); Final assessment 14 weeks after planting; Trial assumed to start on 1/2/2011,-40576
mung1011/02,2011,Kingaroy,Crystal,RCB,11,4,,0.75,3,2/02/2011,,,,,22/03/2011,Kendon,Sulphur,3000,16,23/03/2011,13/04/2011,,,,,,2,,11/05/2011,3,"""1-9""",0,stdev,0.71336,,0.203007388,stdev,-85.1,-0.119,yes,First sign of powdery mildew 7 weeks after planting (at flowering); Final assessment 14 weeks after planting; Trial assumed to start on 1/2/2011,-40576
mung1011/02,2011,Kingaroy,Crystal,RCB,11,4,,0.75,3,2/02/2011,,,,,22/03/2011,Kendon,Sulphur,3000,17,9/03/2011,30/03/2011,13/04/2011,,,,,3,,11/05/2011,2.333333333,"""1-9""",0.577350269,stdev,0.64713,,0.188236659,stdev,-151.33,-0.234,yes,First sign of powdery mildew 7 weeks after planting (at flowering); Final assessment 14 weeks after planting; Trial assumed to start on 1/2/2011,-40576
mung1011/02,2011,Kingaroy,Crystal,RCB,11,4,,0.75,3,2/02/2011,,,,,22/03/2011,Amistar Xtra,Amistar,120,18,23/03/2011,,,,,,,1,,11/05/2011,2,"""1-9""",0,stdev,0.77182,,0.135102702,stdev,-26.64,-0.035,yes,First sign of powdery mildew 7 weeks after planting (at flowering); Final assessment 14 weeks after planting; Trial assumed to start on 1/2/2011,-40576
mung1011/02,2011,Kingaroy,Crystal,RCB,11,4,,0.75,3,2/02/2011,,,,,22/03/2011,Amistar Xtra,Amistar,120,19,23/03/2011,13/04/2011,,,,,,2,,11/05/2011,1,"""1-9""",0,stdev,0.691345,,0.020356726,stdev,-107.115,-0.155,yes,First sign of powdery mildew 7 weeks after planting (at flowering); Final assessment 14 weeks after planting; Trial assumed to start on 1/2/2011,-40576
mung1011/02,2011,Kingaroy,Crystal,RCB,11,4,,0.75,3,2/02/2011,,,,,22/03/2011,Amistar Xtra,Amistar,120,20,9/03/2011,30/03/2011,13/04/2011,,,,,3,,11/05/2011,1,"""1-9""",0,stdev,0.8288925,,0.15187593,stdev,30.433,0.037,yes,First sign of powdery mildew 7 weeks after planting (at flowering); Final assessment 14 weeks after planting; Trial assumed to start on 1/2/2011,-40576
mung1112/01,2012,Gatton,Crystal,RCB,11,4,,0.75,3,20/02/2012,,2/04/2012,,,2/04/2012,NA,control,NA,1,,,,,,,,0,,17/05/2012,7.5,"""1-9""",0.95,lsd (P=0.05),0.738,,NA,lsd (P=0.05),NA,NA,no,final assessment date 87 DAS,-40959
mung1112/01,2012,Gatton,Crystal,RCB,11,4,,0.75,3,20/02/2012,,2/04/2012,,,2/04/2012,Folicur,Tebeconazole,62.35,2,2/04/2012,,,,,,,1,,17/05/2012,4.3,"""1-9""",0.95,lsd (P=0.05),0.81,,NA,lsd (P=0.05),0.072,0.089,no,final assessment date 87 DAS,-40959
mung1112/01,2012,Gatton,Crystal,RCB,11,4,,0.75,3,20/02/2012,,2/04/2012,,,2/04/2012,Folicur,Tebeconazole,62.35,3,2/04/2012,16/04/2012,,,,,,2,,17/05/2012,3.3,"""1-9""",0.95,lsd (P=0.05),0.948,,NA,lsd (P=0.05),0.21,0.222,no,final assessment date 87 DAS,-40959
mung1112/01,2012,Gatton,Crystal,RCB,11,4,,0.75,3,20/02/2012,,2/04/2012,,,2/04/2012,Barmac wettable,Sulphur,3000,4,2/04/2012,,,,,,,1,,17/05/2012,6.7,"""1-9""",0.95,lsd (P=0.05),0.785,,NA,lsd (P=0.05),0.047,0.06,no,final assessment date 87 DAS,-40959
mung1112/01,2012,Gatton,Crystal,RCB,11,4,,0.75,3,20/02/2012,,2/04/2012,,,2/04/2012,Barmac wettable,Sulphur,3000,5,2/04/2012,16/04/2012,,,,,,2,,17/05/2012,4.3,"""1-9""",0.95,lsd (P=0.05),0.969,,NA,lsd (P=0.05),0.231,0.238,no,final assessment date 87 DAS,-40959
mung1112/01,2012,Gatton,Crystal,RCB,11,4,,0.75,3,20/02/2012,,2/04/2012,,,2/04/2012,Amistar Xtra,Amistar,40,6,2/04/2012,,,,,,,1,,17/05/2012,4,"""1-9""",0.95,lsd (P=0.05),0.923,,NA,lsd (P=0.05),0.185,0.2,no,final assessment date 87 DAS,-40959
mung1112/01,2012,Gatton,Crystal,RCB,11,4,,0.75,3,20/02/2012,,2/04/2012,,,2/04/2012,Amistar Xtra,Amistar,40,7,2/04/2012,16/04/2012,,,,,,2,,17/05/2012,2,"""1-9""",0.95,lsd (P=0.05),0.965,,NA,lsd (P=0.05),0.227,0.235,no,final assessment date 87 DAS,-40959
mung1112/01,2012,Gatton,Crystal,RCB,11,4,,0.75,3,20/02/2012,,2/04/2012,,,2/04/2012,Amistar Xtra,Amistar,80,8,2/04/2012,,,,,,,1,,17/05/2012,3,"""1-9""",0.95,lsd (P=0.05),0.742,,NA,lsd (P=0.05),0.004,0.005,no,final assessment date 87 DAS,-40959
mung1112/01,2012,Gatton,Crystal,RCB,11,4,,0.75,3,20/02/2012,,2/04/2012,,,2/04/2012,Amistar Xtra,Amistar,80,9,2/04/2012,16/04/2012,,,,,,2,,17/05/2012,2,"""1-9""",0.95,lsd (P=0.05),0.715,,NA,lsd (P=0.05),-0.023,-0.032,no,final assessment date 87 DAS,-40959
mung1112/01,2012,Gatton,Crystal,RCB,11,4,,0.75,3,20/02/2012,,2/04/2012,,,2/04/2012,Amistar Xtra,Amistar,120,10,2/04/2012,,,,,,,1,,17/05/2012,3,"""1-9""",0.95,lsd (P=0.05),0.773,,NA,lsd (P=0.05),0.035,0.045,no,final assessment date 87 DAS,-40959
mung1112/01,2012,Gatton,Crystal,RCB,11,4,,0.75,3,20/02/2012,,2/04/2012,,,2/04/2012,Amistar Xtra,Amistar,120,11,2/04/2012,16/04/2012,,,,,,2,,17/05/2012,2,"""1-9""",0.95,lsd (P=0.05),0.707,,NA,lsd (P=0.05),-0.031,-0.044,no,final assessment date 87 DAS,-40959
mung1112/01,2012,Gatton,Crystal,RCB,11,4,,0.75,3,20/02/2012,,2/04/2012,,,2/04/2012,Tilt,propiconazole,62.5,12,2/04/2012,,,,,,,1,,17/05/2012,6.3,"""1-9""",0.95,lsd (P=0.05),0.91,,NA,lsd (P=0.05),0.172,0.189,no,final assessment date 87 DAS,-40959
mung1112/01,2012,Gatton,Crystal,RCB,11,4,,0.75,3,20/02/2012,,2/04/2012,,,2/04/2012,Tilt,propiconazole,62.5,13,2/04/2012,16/04/2012,,,,,,2,,17/05/2012,3.3,"""1-9""",0.95,lsd (P=0.05),0.925,,NA,lsd (P=0.05),0.187,0.202,no,final assessment date 87 DAS,-40959
mung1112/01,2012,Gatton,Crystal,RCB,11,4,,0.75,3,20/02/2012,,2/04/2012,,,2/04/2012,Tilt,propiconazole,125,14,2/04/2012,,,,,,,1,,17/05/2012,5.3,"""1-9""",0.95,lsd (P=0.05),0.86,,NA,lsd (P=0.05),0.122,0.142,no,final assessment date 87 DAS,-40959
mung1112/01,2012,Gatton,Crystal,RCB,11,4,,0.75,3,20/02/2012,,2/04/2012,,,2/04/2012,Tilt,propiconazole,125,15,2/04/2012,16/04/2012,,,,,,2,,17/05/2012,2,"""1-9""",0.95,lsd (P=0.05),0.944,,NA,lsd (P=0.05),0.206,0.218,no,final assessment date 87 DAS,-40959
mung1112/02,2012,Kingaroy,Crystal,RCB,12,4,,0.75,3,3/02/2012,,12/03/2012,,,12/03/2012,NA,control,NA,1,,,,,,,,0,,30/04/2012,8,"""1-9""",1.3,lsd (P=0.05),0.751,,0.246,lsd (P=0.05),NA,NA,no,final assessment date 87 DAS,-40942
mung1112/02,2012,Kingaroy,Crystal,RCB,12,4,,0.75,3,3/02/2012,,12/03/2012,,,12/03/2012,Folicur,Tebeconazole,62.35,2,13/03/2012,,,,,,,1,,30/04/2012,8,"""1-9""",1.3,lsd (P=0.05),1.09,,0.246,lsd (P=0.05),0.339,0.311,no,final assessment date 87 DAS,-40942
mung1112/02,2012,Kingaroy,Crystal,RCB,12,4,,0.75,3,3/02/2012,,12/03/2012,,,12/03/2012,Folicur,Tebeconazole,62.35,3,13/03/2012,30/03/2012,,,,,,2,,30/04/2012,4.3,"""1-9""",1.3,lsd (P=0.05),1.098,,0.246,lsd (P=0.05),0.347,0.316,no,final assessment date 87 DAS,-40942
mung1112/02,2012,Kingaroy,Crystal,RCB,12,4,,0.75,3,3/02/2012,,12/03/2012,,,12/03/2012,Barmac wettable,Sulphur,3000,4,13/03/2012,,,,,,,1,,30/04/2012,8,"""1-9""",1.3,lsd (P=0.05),0.87,,0.246,lsd (P=0.05),0.119,0.137,no,final assessment date 87 DAS,-40942
mung1112/02,2012,Kingaroy,Crystal,RCB,12,4,,0.75,3,3/02/2012,,12/03/2012,,,12/03/2012,Barmac wettable,Sulphur,3000,5,13/03/2012,30/03/2012,,,,,,2,,30/04/2012,4.3,"""1-9""",1.3,lsd (P=0.05),1.251,,0.246,lsd (P=0.05),0.5,0.4,no,final assessment date 87 DAS,-40942
mung1112/02,2012,Kingaroy,Crystal,RCB,12,4,,0.75,3,3/02/2012,,12/03/2012,,,12/03/2012,Amistar Xtra,Amistar,40,6,13/03/2012,,,,,,,1,,30/04/2012,5.7,"""1-9""",1.3,lsd (P=0.05),1.112,,0.246,lsd (P=0.05),0.361,0.325,no,final assessment date 87 DAS,-40942
mung1112/02,2012,Kingaroy,Crystal,RCB,12,4,,0.75,3,3/02/2012,,12/03/2012,,,12/03/2012,Amistar Xtra,Amistar,40,7,13/03/2012,30/03/2012,,,,,,2,,30/04/2012,1,"""1-9""",1.3,lsd (P=0.05),1.175,,0.246,lsd (P=0.05),0.424,0.361,no,final assessment date 87 DAS,-40942
mung1112/02,2012,Kingaroy,Crystal,RCB,12,4,,0.75,3,3/02/2012,,12/03/2012,,,12/03/2012,Amistar Xtra,Amistar,80,8,13/03/2012,,,,,,,1,,30/04/2012,5,"""1-9""",1.3,lsd (P=0.05),1.265,,0.246,lsd (P=0.05),0.514,0.406,no,final assessment date 87 DAS,-40942
mung1112/02,2012,Kingaroy,Crystal,RCB,12,4,,0.75,3,3/02/2012,,12/03/2012,,,12/03/2012,Amistar Xtra,Amistar,80,9,13/03/2012,30/03/2012,,,,,,2,,30/04/2012,1,"""1-9""",1.3,lsd (P=0.05),1.166,,0.246,lsd (P=0.05),0.415,0.356,no,final assessment date 87 DAS,-40942
mung1112/02,2012,Kingaroy,Crystal,RCB,12,4,,0.75,3,3/02/2012,,12/03/2012,,,12/03/2012,Amistar Xtra,Amistar,120,10,13/03/2012,,,,,,,1,,30/04/2012,4.4,"""1-9""",1.3,lsd (P=0.05),1.052,,0.246,lsd (P=0.05),0.301,0.286,no,final assessment date 87 DAS,-40942
mung1112/02,2012,Kingaroy,Crystal,RCB,12,4,,0.75,3,3/02/2012,,12/03/2012,,,12/03/2012,Amistar Xtra,Amistar,120,11,13/03/2012,30/03/2012,,,,,,2,,30/04/2012,1,"""1-9""",1.3,lsd (P=0.05),1.178,,0.246,lsd (P=0.05),0.427,0.362,no,final assessment date 87 DAS,-40942
mung1112/02,2012,Kingaroy,Crystal,RCB,12,4,,0.75,3,3/02/2012,,12/03/2012,,,12/03/2012,Tilt,propiconazole,62.5,12,13/03/2012,,,,,,,1,,30/04/2012,7.7,"""1-9""",1.3,lsd (P=0.05),1.036,,0.246,lsd (P=0.05),0.285,0.275,no,final assessment date 87 DAS,-40942
mung1112/02,2012,Kingaroy,Crystal,RCB,12,4,,0.75,3,3/02/2012,,12/03/2012,,,12/03/2012,Tilt,propiconazole,62.5,13,13/03/2012,30/03/2012,,,,,,2,,30/04/2012,4.7,"""1-9""",1.3,lsd (P=0.05),1.201,,0.246,lsd (P=0.05),0.45,0.375,no,final assessment date 87 DAS,-40942
mung1112/02,2012,Kingaroy,Crystal,RCB,12,4,,0.75,3,3/02/2012,,12/03/2012,,,12/03/2012,Tilt,propiconazole,125,14,13/03/2012,,,,,,,1,,30/04/2012,7.3,"""1-9""",1.3,lsd (P=0.05),1.057,,0.246,lsd (P=0.05),0.306,0.289,no,final assessment date 87 DAS,-40942
mung1112/02,2012,Kingaroy,Crystal,RCB,12,4,,0.75,3,3/02/2012,,12/03/2012,,,12/03/2012,Tilt,propiconazole,125,15,13/03/2012,30/03/2012,,,,,,2,,30/04/2012,1.7,"""1-9""",1.3,lsd (P=0.05),1.323,,0.246,lsd (P=0.05),0.572,0.432,no,final assessment date 87 DAS,-40942
AM1303,2013,Premer,Crystal,,,,,,,28/12/2012,,,,,10/03/2013,NA,control,0,1,,,,,,,,0,18/04/2013,31/03/2013,99,% incidence,NA,NA,1.44,,9.2,CV,NA,NA,no,Diseases evident at application included bacterial blight and Tan leaf. No evidence of powdery mildew. T1 applied before major rain event; First sign of disease between 28/2/13 - 19/3/19 estimated as 10/3/19,
AM1303,2013,Premer,Crystal,,,,,,,28/12/2012,,,,,10/03/2013,,Sulphur,500,2,28/02/2013,,,,,,,1,18/04/2013,31/03/2013,100,% incidence,NA,NA,1.52,,9.2,CV,0.08,,no,Diseases evident at application included bacterial blight and Tan leaf. No evidence of powdery mildew. T1 applied before major rain event; First sign of disease between 28/2/13 - 19/3/19 estimated as 10/3/19,
AM1303,2013,Premer,Crystal,,,,,,,28/12/2012,,,,,10/03/2013,Tilt,propiconazole,250,3,28/02/2013,,,,,,,1,18/04/2013,31/03/2013,81,% incidence,NA,NA,1.45,,9.2,CV,0.01,,no,Diseases evident at application included bacterial blight and Tan leaf. No evidence of powdery mildew. T1 applied before major rain event; First sign of disease between 28/2/13 - 19/3/19 estimated as 10/3/19,
AM1303,2013,Premer,Crystal,,,,,,,28/12/2012,,,,,10/03/2013,Amistar Xtra,Amistar,200,4,28/02/2013,,,,,,,1,18/04/2013,31/03/2013,60,% incidence,NA,NA,1.62,,9.2,CV,0.18,,no,Diseases evident at application included bacterial blight and Tan leaf. No evidence of powdery mildew. T1 applied before major rain event; First sign of disease between 28/2/13 - 19/3/19 estimated as 10/3/19,
AM1303,2013,Premer,Crystal,,,,,,,28/12/2012,,,,,10/03/2013,Amistar Xtra,Amistar,200,5,28/02/2013,,,,,,,1,18/04/2013,31/03/2013,44,% incidence,NA,NA,1.44,,9.2,CV,0,,no,Diseases evident at application included bacterial blight and Tan leaf. No evidence of powdery mildew. T1 applied before major rain event; First sign of disease between 28/2/13 - 19/3/19 estimated as 10/3/19,
AM1303,2013,Premer,Crystal,,,,,,,28/12/2012,,,,,10/03/2013,,Carbendazim,500,6,28/02/2013,,,,,,,1,18/04/2013,31/03/2013,99,% incidence,NA,NA,1.42,,9.2,CV,-0.02,,no,Diseases evident at application included bacterial blight and Tan leaf. No evidence of powdery mildew. T1 applied before major rain event; First sign of disease between 28/2/13 - 19/3/19 estimated as 10/3/19,
AM1303,2013,Premer,Crystal,,,,,,,28/12/2012,,,,,10/03/2013,,Sulphur,500,7,28/02/2013,19/03/2013,,,,,,2,18/04/2013,31/03/2013,70,% incidence,NA,NA,1.46,,9.2,CV,0.02,,no,Diseases evident at application included bacterial blight and Tan leaf. No evidence of powdery mildew. T1 applied before major rain event; First sign of disease between 28/2/13 - 19/3/19 estimated as 10/3/19,
AM1303,2013,Premer,Crystal,,,,,,,28/12/2012,,,,,10/03/2013,Tilt,propiconazole,250,8,28/02/2013,19/03/2013,,,,,,2,18/04/2013,31/03/2013,8,% incidence,NA,NA,1.43,,9.2,CV,-0.01,,no,Diseases evident at application included bacterial blight and Tan leaf. No evidence of powdery mildew. T1 applied before major rain event; First sign of disease between 28/2/13 - 19/3/19 estimated as 10/3/19,
AM1303,2013,Premer,Crystal,,,,,,,28/12/2012,,,,,10/03/2013,Amistar Xtra,Amistar,200,9,28/02/2013,19/03/2013,,,,,,2,18/04/2013,31/03/2013,0,% incidence,NA,NA,1.47,,9.2,CV,0.03,,no,Diseases evident at application included bacterial blight and Tan leaf. No evidence of powdery mildew. T1 applied before major rain event; First sign of disease between 28/2/13 - 19/3/19 estimated as 10/3/19,
AM1303,2013,Premer,Crystal,,,,,,,28/12/2012,,,,,10/03/2013,,Carbendazim,500,10,28/02/2013,19/03/2013,,,,,,2,18/04/2013,31/03/2013,53,% incidence,NA,NA,1.54,,9.2,CV,0.1,,no,Diseases evident at application included bacterial blight and Tan leaf. No evidence of powdery mildew. T1 applied before major rain event; First sign of disease between 28/2/13 - 19/3/19 estimated as 10/3/19,
AM1303,2013,Premer,Crystal,,,,,,,28/12/2012,,,,,10/03/2013,Tilt,propiconazole,250,11,28/02/2013,19/03/2013,31/03/2013,,,,,3,18/04/2013,31/03/2013,4,% incidence,NA,NA,1.44,,9.2,CV,0,,no,Diseases evident at application included bacterial blight and Tan leaf. No evidence of powdery mildew. T1 applied before major rain event; First sign of disease between 28/2/13 - 19/3/19 estimated as 10/3/19,
BB1305,2013,Millmerran,Crystal,,,,,0.333,,,,,,,1/04/2013,NA,control,0,1,,,,,,,,0,6/05/2013,24/04/2013,62.83333333,% incidence,NA,NA,0.8,,11.6,CV,0,,no,First sign of disease estimated from report information,
BB1305,2013,Millmerran,Crystal,,,,,0.333,,,,,,,1/04/2013,,Sulphur,500,2,13/03/2013,,,,,,,1,6/05/2013,24/04/2013,21.5,% incidence,NA,NA,0.77,,11.6,CV,-0.03,,no,First sign of disease estimated from report information,
BB1305,2013,Millmerran,Crystal,,,,,0.333,,,,,,,1/04/2013,Tilt,propiconazole,250,3,13/03/2013,,,,,,,1,6/05/2013,24/04/2013,29.2,% incidence,NA,NA,0.8,,11.6,CV,0,,no,First sign of disease estimated from report information,
BB1305,2013,Millmerran,Crystal,,,,,0.333,,,,,,,1/04/2013,Amistar Xtra,Amistar,200,4,13/03/2013,,,,,,,1,6/05/2013,24/04/2013,2.333333333,% incidence,NA,NA,0.82,,11.6,CV,0.02,,no,First sign of disease estimated from report information,
BB1305,2013,Millmerran,Crystal,,,,,0.333,,,,,,,1/04/2013,Amistar Xtra,Amistar,200,5,13/03/2013,,,,,,,1,6/05/2013,24/04/2013,1.1,% incidence,NA,NA,0.68,,11.6,CV,-0.12,,no,First sign of disease estimated from report information,
BB1305,2013,Millmerran,Crystal,,,,,0.333,,,,,,,1/04/2013,,Carbendazim,500,6,13/03/2013,,,,,,,1,6/05/2013,24/04/2013,45.7,% incidence,NA,NA,0.82,,11.6,CV,0.02,,no,First sign of disease estimated from report information,
BB1305,2013,Millmerran,Crystal,,,,,0.333,,,,,,,1/04/2013,,Sulphur,500,7,13/03/2013,21/03/2013,,,,,,2,6/05/2013,24/04/2013,8.333333333,% incidence,NA,NA,0.82,,11.6,CV,0.02,,no,First sign of disease estimated from report information,
BB1305,2013,Millmerran,Crystal,,,,,0.333,,,,,,,1/04/2013,Tilt,propiconazole,250,8,13/03/2013,21/03/2013,,,,,,2,6/05/2013,24/04/2013,5.666666667,% incidence,NA,NA,0.77,,11.6,CV,-0.03,,no,First sign of disease estimated from report information,
BB1305,2013,Millmerran,Crystal,,,,,0.333,,,,,,,1/04/2013,Amistar Xtra,Amistar,200,9,13/03/2013,21/03/2013,,,,,,2,6/05/2013,24/04/2013,0.066666667,% incidence,NA,NA,0.79,,11.6,CV,-0.01,,no,First sign of disease estimated from report information,
BB1305,2013,Millmerran,Crystal,,,,,0.333,,,,,,,1/04/2013,,Carbendazim,500,10,13/03/2013,21/03/2013,,,,,,2,6/05/2013,24/04/2013,33.1,% incidence,NA,NA,0.85,,11.6,CV,0.05,,no,First sign of disease estimated from report information,
BB1305,2013,Millmerran,Crystal,,,,,0.333,,,,,,,1/04/2013,Tilt,propiconazole,250,11,13/03/2013,21/03/2013,28/03/2013,,,,,3,6/05/2013,24/04/2013,0.6,% incidence,NA,NA,0.74,,11.6,CV,-0.06,,no,First sign of disease estimated from report information,
AM1304,2013,Mary's mount,Crystal,,,,,1,,,,,,,16/03/2013,NA,control,0,1,,,,,,,,0,11/04/2013,26/03/2013,33.9,% incidence,NA,NA,1.09,,9.3,CV,,,,First sign of disease estimated from report information;  Disease evident at application was bacterial blight. No evidence of powdery mildew. T1 applied before major rain event,
AM1304,2013,Mary's mount,Crystal,,,,,1,,,,,,,16/03/2013,,Sulphur,500,2,28/02/2013,,,,,,,1,11/04/2013,26/03/2013,43.7,% incidence,NA,NA,1.34,,9.3,CV,0.25,,no,First sign of disease estimated from report information;  Disease evident at application was bacterial blight. No evidence of powdery mildew. T1 applied before major rain event,
AM1304,2013,Mary's mount,Crystal,,,,,1,,,,,,,16/03/2013,Tilt,propiconazole,250,3,28/02/2013,,,,,,,1,11/04/2013,26/03/2013,37.1,% incidence,NA,NA,1.19,,9.3,CV,0.1,,no,First sign of disease estimated from report information;  Disease evident at application was bacterial blight. No evidence of powdery mildew. T1 applied before major rain event,
AM1304,2013,Mary's mount,Crystal,,,,,1,,,,,,,16/03/2013,Amistar Xtra,Amistar,200,4,28/02/2013,,,,,,,1,11/04/2013,26/03/2013,10.9,% incidence,NA,NA,1.16,,9.3,CV,0.07,,no,First sign of disease estimated from report information;  Disease evident at application was bacterial blight. No evidence of powdery mildew. T1 applied before major rain event,
AM1304,2013,Mary's mount,Crystal,,,,,1,,,,,,,16/03/2013,Amistar Xtra,Amistar,200,5,28/02/2013,,,,,,,1,11/04/2013,26/03/2013,0.9,% incidence,NA,NA,1.18,,9.3,CV,0.09,,no,First sign of disease estimated from report information;  Disease evident at application was bacterial blight. No evidence of powdery mildew. T1 applied before major rain event,
AM1304,2013,Mary's mount,Crystal,,,,,1,,,,,,,16/03/2013,,Carbendazim,500,6,28/02/2013,,,,,,,1,11/04/2013,26/03/2013,41.2,% incidence,NA,NA,1.26,,9.3,CV,0.17,,no,First sign of disease estimated from report information;  Disease evident at application was bacterial blight. No evidence of powdery mildew. T1 applied before major rain event,
AM1304,2013,Mary's mount,Crystal,,,,,1,,,,,,,16/03/2013,,Sulphur,500,7,28/02/2013,18/03/2013,,,,,,2,11/04/2013,26/03/2013,11,% incidence,NA,NA,1.3,,9.3,CV,0.21,,no,First sign of disease estimated from report information;  Disease evident at application was bacterial blight. No evidence of powdery mildew. T1 applied before major rain event,
AM1304,2013,Mary's mount,Crystal,,,,,1,,,,,,,16/03/2013,Tilt,propiconazole,250,8,28/02/2013,18/03/2013,,,,,,2,11/04/2013,26/03/2013,0.6,% incidence,NA,NA,1.17,,9.3,CV,0.08,,no,First sign of disease estimated from report information;  Disease evident at application was bacterial blight. No evidence of powdery mildew. T1 applied before major rain event,
AM1304,2013,Mary's mount,Crystal,,,,,1,,,,,,,16/03/2013,Amistar Xtra,Amistar,200,9,28/02/2013,18/03/2013,,,,,,2,11/04/2013,26/03/2013,0,% incidence,NA,NA,1.27,,9.3,CV,0.18,,no,First sign of disease estimated from report information;  Disease evident at application was bacterial blight. No evidence of powdery mildew. T1 applied before major rain event,
AM1304,2013,Mary's mount,Crystal,,,,,1,,,,,,,16/03/2013,,Carbendazim,500,10,28/02/2013,18/03/2013,,,,,,2,11/04/2013,26/03/2013,7.3,% incidence,NA,NA,1.24,,9.3,CV,0.15,,no,First sign of disease estimated from report information;  Disease evident at application was bacterial blight. No evidence of powdery mildew. T1 applied before major rain event,
AM1304,2013,Mary's mount,Crystal,,,,,1,,,,,,,16/03/2013,Tilt,propiconazole,250,11,28/02/2013,18/03/2013,,,,,,2,11/04/2013,26/03/2013,0.6,% incidence,NA,NA,1.12,,9.3,CV,0.03,,no,First sign of disease estimated from report information;  Disease evident at application was bacterial blight. No evidence of powdery mildew. T1 applied before major rain event,
AM1305,2013,Goolhi,Crystal,,,,,0.333,,,,,,,25/03/2013,NA,control,0,1,,,,,,,,0,20/06/2013,30/04/2013,100,% incidence,44.1,lsd (P=0.05),0.68,,17,CV%,NA,NA,,First sign of disease estimated from report information;  Powdery mildew present at T1 application. ~2-5% of leaf area already affected on lower canopy leaves,
AM1305,2013,Goolhi,Crystal,,,,,0.333,,,,,,,25/03/2013,,Sulphur,500,2,28/03/2013,,,,,,,1,20/06/2013,30/04/2013,100,% incidence,44.1,lsd (P=0.05),0.69,,17,CV%,0.01,,no,First sign of disease estimated from report information;  Powdery mildew present at T1 application. ~2-5% of leaf area already affected on lower canopy leaves,
AM1305,2013,Goolhi,Crystal,,,,,0.333,,,,,,,25/03/2013,Tilt,propiconazole,250,3,28/03/2013,,,,,,,1,20/06/2013,30/04/2013,33,% incidence,44.1,lsd (P=0.05),0.65,,17,CV%,-0.03,,no,First sign of disease estimated from report information;  Powdery mildew present at T1 application. ~2-5% of leaf area already affected on lower canopy leaves,
AM1305,2013,Goolhi,Crystal,,,,,0.333,,,,,,,25/03/2013,Amistar Xtra,Amistar,200,4,28/03/2013,,,,,,,1,20/06/2013,30/04/2013,0,% incidence,44.1,lsd (P=0.05),0.72,,17,CV%,0.04,,no,First sign of disease estimated from report information;  Powdery mildew present at T1 application. ~2-5% of leaf area already affected on lower canopy leaves,
AM1305,2013,Goolhi,Crystal,,,,,0.333,,,,,,,25/03/2013,Amistar Xtra,Amistar,200,5,28/03/2013,,,,,,,1,20/06/2013,30/04/2013,11,% incidence,44.1,lsd (P=0.05),0.69,,17,CV%,0.01,,no,First sign of disease estimated from report information;  Powdery mildew present at T1 application. ~2-5% of leaf area already affected on lower canopy leaves,
AM1305,2013,Goolhi,Crystal,,,,,0.333,,,,,,,25/03/2013,,Carbendazim,500,6,28/03/2013,,,,,,,1,20/06/2013,30/04/2013,100,% incidence,44.1,lsd (P=0.05),0.6,,17,CV%,-0.08,,no,First sign of disease estimated from report information;  Powdery mildew present at T1 application. ~2-5% of leaf area already affected on lower canopy leaves,
AM1305,2013,Goolhi,Crystal,,,,,0.333,,,,,,,25/03/2013,,Sulphur,500,7,28/03/2013,13/04/2013,,,,,,2,20/06/2013,30/04/2013,100,% incidence,44.1,lsd (P=0.05),0.54,,17,CV%,-0.14,,no,First sign of disease estimated from report information;  Powdery mildew present at T1 application. ~2-5% of leaf area already affected on lower canopy leaves,
AM1305,2013,Goolhi,Crystal,,,,,0.333,,,,,,,25/03/2013,Tilt,propiconazole,250,8,28/03/2013,13/04/2013,,,,,,2,20/06/2013,30/04/2013,33,% incidence,44.1,lsd (P=0.05),0.72,,17,CV%,0.04,,no,First sign of disease estimated from report information;  Powdery mildew present at T1 application. ~2-5% of leaf area already affected on lower canopy leaves,
AM1305,2013,Goolhi,Crystal,,,,,0.333,,,,,,,25/03/2013,Amistar Xtra,Amistar,200,9,28/03/2013,13/04/2013,,,,,,2,20/06/2013,30/04/2013,0,% incidence,44.1,lsd (P=0.05),0.63,,17,CV%,-0.05,,no,First sign of disease estimated from report information;  Powdery mildew present at T1 application. ~2-5% of leaf area already affected on lower canopy leaves,
AM1305,2013,Goolhi,Crystal,,,,,0.333,,,,,,,25/03/2013,,Carbendazim,500,10,28/03/2013,13/04/2013,,,,,,2,20/06/2013,30/04/2013,63,% incidence,44.1,lsd (P=0.05),0.67,,17,CV%,-0.01,,no,First sign of disease estimated from report information;  Powdery mildew present at T1 application. ~2-5% of leaf area already affected on lower canopy leaves,
AM1305,2013,Goolhi,Crystal,,,,,0.333,,,,,,,25/03/2013,Tilt,propiconazole,250,11,28/03/2013,13/04/2013,27/04/2013,,,,,3,20/06/2013,30/04/2013,0,% incidence,44.1,lsd (P=0.05),0.6,,17,CV%,-0.08,,no,First sign of disease estimated from report information;  Powdery mildew present at T1 application. ~2-5% of leaf area already affected on lower canopy leaves,
mung1415/01,2015,Hermitage,Jade,RCB,12,4,,0.75,5,19/01/2015,24/01/2015,,,,16/03/2015,NA,control,0,1,,,,,,,,0,20/04/2015,6/04/2015,7.8,"""1-9""",0.447213595,stdev,2.045,,0.178,stdev,NA,NA,yes,disease progress over season was recorded in `Mugbean powdery mildew 2014-15 inc results v2.xlsx`,91
mung1415/01,2015,Hermitage,Jade,RCB,12,4,,0.75,5,19/01/2015,24/01/2015,,,,16/03/2015,Folicur,Tebeconazole,62.35,2,2/03/2015,17/03/2015,31/03/2015,,,,,3,20/04/2015,6/04/2015,3.2,"""1-9""",0.447213595,stdev,2.262,,0.14,stdev,0.2,0.088,yes,disease progress over season was recorded in `Mugbean powdery mildew 2014-15 inc results v2.xlsx`,91
mung1415/01,2015,Hermitage,Jade,RCB,12,4,,0.75,5,19/01/2015,24/01/2015,,,,16/03/2015,Folicur,Tebeconazole,62.35,3,17/03/2015,,,,,,,1,20/04/2015,6/04/2015,6.6,"""1-9""",0.547722558,stdev,2.018,,0.167,stdev,-0.07,-0.035,yes,disease progress over season was recorded in `Mugbean powdery mildew 2014-15 inc results v2.xlsx`,91
mung1415/01,2015,Hermitage,Jade,RCB,12,4,,0.75,5,19/01/2015,24/01/2015,,,,16/03/2015,Folicur,Tebeconazole,62.35,4,17/03/2015,31/03/2015,,,,,,2,20/04/2015,6/04/2015,5.4,"""1-9""",1.140175425,stdev,2.152,,0.248,stdev,0.14,0.065,yes,disease progress over season was recorded in `Mugbean powdery mildew 2014-15 inc results v2.xlsx`,91
mung1415/01,2015,Hermitage,Jade,RCB,12,4,,0.75,5,19/01/2015,24/01/2015,,,,16/03/2015,Folicur,Tebeconazole,62.35,5,24/03/2015,,,,,,,1,20/04/2015,6/04/2015,6.6,"""1-9""",0.547722558,stdev,2.124,,0.061,stdev,0.02,0.009,yes,disease progress over season was recorded in `Mugbean powdery mildew 2014-15 inc results v2.xlsx`,91
mung1415/01,2015,Hermitage,Jade,RCB,12,4,,0.75,5,19/01/2015,24/01/2015,,,,16/03/2015,Folicur,Tebeconazole,62.35,6,24/03/2015,7/04/2015,,,,,,2,20/04/2015,6/04/2015,6.4,"""1-9""",0.547722558,stdev,2.176,,0.116,stdev,0.07,0.032,yes,disease progress over season was recorded in `Mugbean powdery mildew 2014-15 inc results v2.xlsx`,91
mung1415/02,2015,Dalby,Jade,RCB,12,4,,0.75,5,6/01/2015,,,,,2/03/2015,NA,control,0,1,,,,,,,,0,31/03/2015,NA,NA,"""1-9""",NA,NA,0.957,,NA,NA,NA,NA,NA,trial abandoned,84
mung1516/03,2016,Emerald,Jade,RCB,12,4,,0.75,4,12/02/2016,18/02/2016,,,,17/03/2016,NA,control,NA,1,,,,,,,,0,3/05/2016,23/04/2016,4.5,"""1-9""",NA,NA,0.805,NotSpecified,NA,NA,0,0,No,disease assessments available in file 2016 Mungbean PM summary,81
mung1516/03,2016,Emerald,Jade,RCB,12,4,,0.75,4,12/02/2016,18/02/2016,,,,17/03/2016,Folicur,Tebeconazole,62.35,2,17/03/2016,,,,,,,1,3/05/2016,23/04/2016,3.5,"""1-9""",NA,NA,0.87,NotSpecified,NA,NA,0.065,0.075,No,disease assessments available in file 2016 Mungbean PM summary,81
mung1516/03,2016,Emerald,Jade,RCB,12,4,,0.75,4,12/02/2016,18/02/2016,,,,17/03/2016,Folicur,Tebeconazole,62.35,3,17/03/2016,31/03/2016,,,,,,2,3/05/2016,23/04/2016,2.5,"""1-9""",NA,NA,0.833,NotSpecified,NA,NA,0.082,0.098,No,disease assessments available in file 2016 Mungbean PM summary,81
mung1516/03,2016,Emerald,Jade,RCB,12,4,,0.75,4,12/02/2016,18/02/2016,,,,17/03/2016,Folicur,Tebeconazole,62.35,4,17/03/2016,31/03/2016,,,,,,2,3/05/2016,23/04/2016,2.8,"""1-9""",NA,NA,0.848,NotSpecified,NA,NA,0.097,0.114,No,disease assessments available in file 2016 Mungbean PM summary,81
mung1516/03,2016,Emerald,Jade,RCB,12,4,,0.75,4,12/02/2016,18/02/2016,,,,17/03/2016,Folicur,Tebeconazole,62.35,5,17/03/2016,,,,,,,1,3/05/2016,23/04/2016,3.3,"""1-9""",NA,NA,0.926,NotSpecified,NA,NA,0.175,0.189,No,disease assessments available in file 2016 Mungbean PM summary,81
mung1516/03,2016,Emerald,Jade,RCB,12,4,,0.75,4,12/02/2016,18/02/2016,,,,17/03/2016,Folicur,Tebeconazole,62.35,6,17/03/2016,31/03/2016,,,,,,2,3/05/2016,23/04/2016,2.8,"""1-9""",NA,NA,0.805,NotSpecified,NA,NA,0.054,0.067,No,disease assessments available in file 2016 Mungbean PM summary,81
mung1516/03,2016,Emerald,Jade,RCB,12,4,,0.75,4,12/02/2016,18/02/2016,,,,17/03/2016,Folicur,Tebeconazole,62.35,7,5/04/2016,20/04/2016,,,,,,2,3/05/2016,23/04/2016,4.5,"""1-9""",NA,NA,0.784,NotSpecified,NA,NA,0.033,0.042,No,disease assessments available in file 2016 Mungbean PM summary,81
mung1516/01,2016,Hermitage,Jade,RCB,12,4,,0.75,4,3/02/2016,12/02/2016,,,15/04/2016,8/03/2016,NA,control,0,1,,,,,,,,0,6/05/2016,15/04/2016,8,"""1-9""",NA,NA,1.578,Graded_yield,0.102,stdev,NA,,Yes,disease assessments available in file 2016 Mungbean PM summary,93
mung1516/01,2016,Hermitage,Jade,RCB,12,4,,0.75,4,3/02/2016,12/02/2016,,,15/04/2016,8/03/2016,Folicur,Tebeconazole,62.35,2,17/03/2016,,,,,,,1,6/05/2016,15/04/2016,6.3,"""1-9""",NA,NA,1.934,Graded_yield,0.075,stdev,0.356,,Yes,disease assessments available in file 2016 Mungbean PM summary,93
mung1516/01,2016,Hermitage,Jade,RCB,12,4,,0.75,4,3/02/2016,12/02/2016,,,15/04/2016,8/03/2016,Folicur,Tebeconazole,62.35,3,17/03/2016,30/03/2016,,,,,,2,6/05/2016,15/04/2016,4,"""1-9""",NA,NA,2.057,Graded_yield,0.057,stdev,0.479,,Yes,disease assessments available in file 2016 Mungbean PM summary,93
mung1516/01,2016,Hermitage,Jade,RCB,12,4,,0.75,4,3/02/2016,12/02/2016,,,15/04/2016,8/03/2016,Folicur,Tebeconazole,62.35,4,17/03/2016,30/03/2016,13/04/2016,,,,,3,6/05/2016,15/04/2016,2.3,"""1-9""",NA,NA,2.013,Graded_yield,0.022,stdev,0.435,,Yes,disease assessments available in file 2016 Mungbean PM summary,93
mung1516/01,2016,Hermitage,Jade,RCB,12,4,,0.75,4,3/02/2016,12/02/2016,,,15/04/2016,8/03/2016,Folicur,Tebeconazole,62.35,5,8/03/2016,,,,,,,1,6/05/2016,15/04/2016,7.5,"""1-9""",NA,NA,1.861,Graded_yield,0.125,stdev,0.283,,Yes,disease assessments available in file 2016 Mungbean PM summary,93
mung1516/01,2016,Hermitage,Jade,RCB,12,4,,0.75,4,3/02/2016,12/02/2016,,,15/04/2016,8/03/2016,Folicur,Tebeconazole,62.35,6,8/03/2016,22/03/2016,,,,,,2,6/05/2016,15/04/2016,6.5,"""1-9""",NA,NA,2.03,Graded_yield,0.063,stdev,0.452,,Yes,disease assessments available in file 2016 Mungbean PM summary,93
mung1516/01,2016,Hermitage,Jade,RCB,12,4,,0.75,4,3/02/2016,12/02/2016,,,15/04/2016,8/03/2016,Folicur,Tebeconazole,62.35,7,17/03/2016,30/03/2016,,,,,,2,6/05/2016,15/04/2016,4.5,"""1-9""",NA,NA,2.033,Graded_yield,0.049,stdev,0.455,,Yes,disease assessments available in file 2016 Mungbean PM summary,93
mung1516/02,2016,Kingaroy,Jade,RCB,12,4,,0.75,4,11/02/2016,19/02/2016,,5/04/2016,,9/03/2016,NA,control,NA,1,,,,,,,,0,10/05/2016,19/04/2016,8.3,"""1-9""",NA,NA,0.771,Graded_yield,0.202,stdev,NA,0,Yes,disease assessments available in file 2016 Mungbean PM summary,89
mung1516/02,2016,Kingaroy,Jade,RCB,12,4,,0.75,4,11/02/2016,19/02/2016,,5/04/2016,,9/03/2016,Folicur,Tebeconazole,62.35,2,22/03/2016,,,,,,,1,10/05/2016,19/04/2016,7,"""1-9""",NA,NA,0.785,Graded_yield,0.128,stdev,0.015,0.018822913,Yes,disease assessments available in file 2016 Mungbean PM summary,89
mung1516/02,2016,Kingaroy,Jade,RCB,12,4,,0.75,4,11/02/2016,19/02/2016,,5/04/2016,,9/03/2016,Folicur,Tebeconazole,62.35,3,22/03/2016,5/04/2016,,,,,,2,10/05/2016,19/04/2016,2.3,"""1-9""",NA,NA,0.854,Graded_yield,0.13,stdev,0.083,0.107242059,Yes,disease assessments available in file 2016 Mungbean PM summary,89
mung1516/02,2016,Kingaroy,Jade,RCB,12,4,,0.75,4,11/02/2016,19/02/2016,,5/04/2016,,9/03/2016,Folicur,Tebeconazole,62.35,4,22/03/2016,5/04/2016,19/04/2016,,,,,3,10/05/2016,19/04/2016,2.5,"""1-9""",NA,NA,0.902,Graded_yield,0.135,stdev,0.131,0.170170035,Yes,disease assessments available in file 2016 Mungbean PM summary,89
mung1516/02,2016,Kingaroy,Jade,RCB,12,4,,0.75,4,11/02/2016,19/02/2016,,5/04/2016,,9/03/2016,Folicur,Tebeconazole,62.35,5,9/03/2016,,,,,,,1,10/05/2016,19/04/2016,7.8,"""1-9""",NA,NA,0.784,Graded_yield,0.245,stdev,0.013,0.016965788,Yes,disease assessments available in file 2016 Mungbean PM summary,89
mung1516/02,2016,Kingaroy,Jade,RCB,12,4,,0.75,4,11/02/2016,19/02/2016,,5/04/2016,,9/03/2016,Folicur,Tebeconazole,62.35,6,9/03/2016,22/03/2016,,,,,,2,10/05/2016,19/04/2016,6.5,"""1-9""",NA,NA,0.809,Graded_yield,0.05,stdev,0.038,0.049595722,Yes,disease assessments available in file 2016 Mungbean PM summary,89
mung1516/02,2016,Kingaroy,Jade,RCB,12,4,,0.75,4,11/02/2016,19/02/2016,,5/04/2016,,9/03/2016,Folicur,Tebeconazole,62.35,7,22/03/2016,5/04/2016,,,,,,2,10/05/2016,19/04/2016,2.8,"""1-9""",NA,NA,0.856,Graded_yield,0.257,stdev,0.085,0.110804282,Yes,disease assessments available in file 2016 Mungbean PM summary,89
mung1617/02,2017,Fogerty,Jade,RCB,10,2,,0.25,3,25/01/2017,1/03/2017,,,,7/03/2017,NA,control,NA,1,,,,,,,,0,11/05/2017,18/04/2017,9,"""1-9""",0,stdev,1.641859179,,0.313992128,stdev,NA,NA,Yes,,-42760
mung1617/02,2017,Fogerty,Jade,RCB,10,2,,0.25,3,25/01/2017,1/03/2017,,,,7/03/2017,NA,control,NA,1,,,,,,,,0,11/05/2017,18/04/2017,9,"""1-9""",0,stdev,1.824895611,,0.292854089,stdev,NA,NA,Yes,,-42760
mung1617/02,2017,Fogerty,Jade,RCB,10,2,,0.25,3,25/01/2017,1/03/2017,,,,7/03/2017,NA,control,NA,1,,,,,,,,0,11/05/2017,18/04/2017,9,"""1-9""",0,stdev,2.083941443,,0.708697163,stdev,NA,NA,Yes,,-42760
mung1617/02,2017,Fogerty,Jade,RCB,10,2,,0.5,3,25/01/2017,1/03/2017,,,,7/03/2017,NA,control,NA,1,,,,,,,,0,11/05/2017,18/04/2017,9,"""1-9""",0,stdev,1.504572599,,0.16648243,stdev,NA,NA,Yes,,-42760
mung1617/02,2017,Fogerty,Jade,RCB,10,2,,0.5,3,25/01/2017,1/03/2017,,,,7/03/2017,NA,control,NA,1,,,,,,,,0,11/05/2017,18/04/2017,9,"""1-9""",0,stdev,1.608540191,,0.083853622,stdev,NA,NA,Yes,,-42760
mung1617/02,2017,Fogerty,Jade,RCB,10,2,,0.5,3,25/01/2017,1/03/2017,,,,7/03/2017,NA,control,NA,1,,,,,,,,0,11/05/2017,18/04/2017,9,"""1-9""",0,stdev,1.482819982,,0.021265429,stdev,NA,NA,Yes,,-42760
mung1617/02,2017,Fogerty,Jade,RCB,10,2,,1,3,25/01/2017,1/03/2017,,,,7/03/2017,NA,control,NA,1,,,,,,,,0,11/05/2017,18/04/2017,9,"""1-9""",0,stdev,1.448371756,,0.138931519,stdev,NA,NA,Yes,,-42760
mung1617/02,2017,Fogerty,Jade,RCB,10,2,,1,3,25/01/2017,1/03/2017,,,,7/03/2017,NA,control,NA,1,,,,,,,,0,11/05/2017,18/04/2017,9,"""1-9""",0,stdev,1.227888703,,0.147853087,stdev,NA,NA,Yes,,-42760
mung1617/02,2017,Fogerty,Jade,RCB,10,2,,1,3,25/01/2017,1/03/2017,,,,7/03/2017,NA,control,NA,1,,,,,,,,0,11/05/2017,18/04/2017,8.666666667,"""1-9""",0.577350269,stdev,1.226520043,,0.159650988,stdev,NA,NA,Yes,,-42760
mung1617/02,2017,Fogerty,Jade,RCB,10,2,,0.25,3,25/01/2017,1/03/2017,,,,7/03/2017,Folicur,Tebeconazole,62,2,22/02/2017,,,,,,,0,11/05/2017,18/04/2017,8.666666667,"""1-9""",0.577350269,stdev,1.72428223,,0.320308257,stdev,-0.125949847,-0.068072459,Yes,,-42760
mung1617/02,2017,Fogerty,Jade,RCB,10,2,,0.5,3,25/01/2017,1/03/2017,,,,7/03/2017,Folicur,Tebeconazole,62,2,22/02/2017,,,,,,,0,11/05/2017,18/04/2017,8.666666667,"""1-9""",0.577350269,stdev,1.717279603,,0.024640494,stdev,0.185302012,0.120956085,Yes,,-42760
mung1617/02,2017,Fogerty,Jade,RCB,10,2,,1,3,25/01/2017,1/03/2017,,,,7/03/2017,Folicur,Tebeconazole,62,2,22/02/2017,,,,,,,0,11/05/2017,18/04/2017,9,"""1-9""",0,stdev,1.443520279,,0.176174227,stdev,0.142593445,0.109609119,Yes,,-42760
mung1617/02,2017,Fogerty,Jade,RCB,10,2,,0.25,3,25/01/2017,1/03/2017,,,,7/03/2017,Throttle,propiconazole,125,2,22/02/2017,,,,,,,0,11/05/2017,18/04/2017,9,"""1-9""",0,stdev,1.791405913,,0.428709189,stdev,-0.058826165,-0.031793939,Yes,,-42760
mung1617/02,2017,Fogerty,Jade,RCB,10,2,,0.5,3,25/01/2017,1/03/2017,,,,7/03/2017,Throttle,propiconazole,125,2,22/02/2017,,,,,,,0,11/05/2017,18/04/2017,9,"""1-9""",0,stdev,1.733003672,,0.268155162,stdev,0.201026081,0.131219988,Yes,,-42760
mung1617/02,2017,Fogerty,Jade,RCB,10,2,,1,3,25/01/2017,1/03/2017,,,,7/03/2017,Throttle,propiconazole,125,2,22/02/2017,,,,,,,0,11/05/2017,18/04/2017,9,"""1-9""",0,stdev,1.130177109,,0.125435121,stdev,-0.170749725,-0.131252366,Yes,,-42760
mung1617/02,2017,Fogerty,Jade,RCB,10,2,,0.25,3,25/01/2017,1/03/2017,,,,7/03/2017,Custodia,200 g/l  Tebuconazole + 120 g/l  Azoxystrobin,60,2,22/02/2017,,,,,,,0,11/05/2017,18/04/2017,8.666666667,"""1-9""",0.577350269,stdev,2.051078604,,0.255352323,stdev,0.200846526,0.108552072,Yes,,-42760
mung1617/02,2017,Fogerty,Jade,RCB,10,2,,0.5,3,25/01/2017,1/03/2017,,,,7/03/2017,Custodia,200 g/l  Tebuconazole + 120 g/l  Azoxystrobin,60,2,22/02/2017,,,,,,,0,11/05/2017,18/04/2017,8.666666667,"""1-9""",0.577350269,stdev,1.763283559,,0.100318427,stdev,0.231305968,0.150985217,Yes,,-42760
mung1617/02,2017,Fogerty,Jade,RCB,10,2,,1,3,25/01/2017,1/03/2017,,,,7/03/2017,Custodia,200 g/l  Tebuconazole + 120 g/l  Azoxystrobin,60,2,22/02/2017,,,,,,,0,11/05/2017,18/04/2017,9,"""1-9""",0,stdev,1.419914921,,0.194752707,stdev,0.118988086,0.091464088,Yes,,-42760
mung1617/02,2017,Fogerty,Jade,RCB,10,2,,0.25,3,25/01/2017,1/03/2017,,,,7/03/2017,Folicur,Tebeconazole,62,3,8/03/2017,,,,,,,0,11/05/2017,18/04/2017,7.666666667,"""1-9""",0.577350269,stdev,2.277913689,,0.191768783,stdev,0.427681611,0.231150252,Yes,,-42760
mung1617/02,2017,Fogerty,Jade,RCB,10,2,,0.5,3,25/01/2017,1/03/2017,,,,7/03/2017,Folicur,Tebeconazole,62,3,8/03/2017,,,,,,,0,11/05/2017,18/04/2017,8,"""1-9""",0,stdev,1.356902589,,0.356546273,stdev,-0.175075002,-0.114280393,Yes,,-42760
mung1617/02,2017,Fogerty,Jade,RCB,10,2,,1,3,25/01/2017,1/03/2017,,,,7/03/2017,Folicur,Tebeconazole,62,3,8/03/2017,,,,,,,0,11/05/2017,18/04/2017,8,"""1-9""",0,stdev,1.742435355,,0.209405421,stdev,0.441508521,0.339379979,Yes,,-42760
mung1617/02,2017,Fogerty,Jade,RCB,10,2,,0.25,3,25/01/2017,1/03/2017,,,,7/03/2017,Throttle,propiconazole,125,3,8/03/2017,,,,,,,0,11/05/2017,18/04/2017,8,"""1-9""",0,stdev,2.312144363,,0.192459856,stdev,0.461912285,0.249650998,Yes,,-42760
mung1617/02,2017,Fogerty,Jade,RCB,10,2,,0.5,3,25/01/2017,1/03/2017,,,,7/03/2017,Throttle,propiconazole,125,3,8/03/2017,,,,,,,0,11/05/2017,18/04/2017,8,"""1-9""",0,stdev,2.112593409,,0.144431978,stdev,0.580615818,0.378997592,Yes,,-42760
mung1617/02,2017,Fogerty,Jade,RCB,10,2,,1,3,25/01/2017,1/03/2017,,,,7/03/2017,Throttle,propiconazole,125,3,8/03/2017,,,,,,,0,11/05/2017,18/04/2017,8,"""1-9""",0,stdev,1.792165464,,0.105680398,stdev,0.49123863,0.377606655,Yes,,-42760
mung1617/02,2017,Fogerty,Jade,RCB,10,2,,0.25,3,25/01/2017,1/03/2017,,,,7/03/2017,Custodia,200 g/l  Tebuconazole + 120 g/l  Azoxystrobin,60,3,8/03/2017,,,,,,,0,11/05/2017,18/04/2017,8,"""1-9""",0,stdev,2.271942787,,0.333679515,stdev,0.42171071,0.227923143,Yes,,-42760
mung1617/02,2017,Fogerty,Jade,RCB,10,2,,0.5,3,25/01/2017,1/03/2017,,,,7/03/2017,Custodia,200 g/l  Tebuconazole + 120 g/l  Azoxystrobin,60,3,8/03/2017,,,,,,,0,11/05/2017,18/04/2017,8,"""1-9""",0,stdev,1.97413836,,0.148316114,stdev,0.44216077,0.288620912,Yes,,-42760
mung1617/02,2017,Fogerty,Jade,RCB,10,2,,1,3,25/01/2017,1/03/2017,,,,7/03/2017,Custodia,200 g/l  Tebuconazole + 120 g/l  Azoxystrobin,60,3,8/03/2017,,,,,,,0,11/05/2017,18/04/2017,8,"""1-9""",0,stdev,1.713999102,,0.11993571,stdev,0.413072268,0.317521522,Yes,,-42760
mung1617/02,2017,Fogerty,Jade,RCB,10,2,,0.25,3,25/01/2017,1/03/2017,,,,7/03/2017,Folicur,Tebeconazole,62,4,8/03/2017,24/03/2017,,,,,,0,11/05/2017,18/04/2017,8.666666667,"""1-9""",0.577350269,stdev,1.921852239,,0.101013162,stdev,0.071620162,0.038708745,Yes,,-42760
mung1617/02,2017,Fogerty,Jade,RCB,10,2,,0.5,3,25/01/2017,1/03/2017,,,,7/03/2017,Folicur,Tebeconazole,62,4,8/03/2017,24/03/2017,,,,,,0,11/05/2017,18/04/2017,8.333333333,"""1-9""",0.577350269,stdev,1.860992634,,0.006865878,stdev,0.329015043,0.214764919,Yes,,-42760
mung1617/02,2017,Fogerty,Jade,RCB,10,2,,1,3,25/01/2017,1/03/2017,,,,7/03/2017,Folicur,Tebeconazole,62,4,8/03/2017,24/03/2017,,,,,,0,11/05/2017,18/04/2017,8,"""1-9""",0,stdev,1.389057938,,0.293054951,stdev,0.088131103,0.067744858,Yes,,-42760
mung1617/02,2017,Fogerty,Jade,RCB,10,2,,0.25,3,25/01/2017,1/03/2017,,,,7/03/2017,Throttle,propiconazole,125,4,8/03/2017,24/03/2017,,,,,,0,11/05/2017,18/04/2017,8,"""1-9""",0,stdev,2.100555965,,0.277904724,stdev,0.250323887,0.135293237,Yes,,-42760
mung1617/02,2017,Fogerty,Jade,RCB,10,2,,0.5,3,25/01/2017,1/03/2017,,,,7/03/2017,Throttle,propiconazole,125,4,8/03/2017,24/03/2017,,,,,,0,11/05/2017,18/04/2017,8.333333333,"""1-9""",0.577350269,stdev,1.85921909,,0.256319119,stdev,0.327241499,0.213607236,Yes,,-42760
mung1617/02,2017,Fogerty,Jade,RCB,10,2,,1,3,25/01/2017,1/03/2017,,,,7/03/2017,Throttle,propiconazole,125,4,8/03/2017,24/03/2017,,,,,,0,11/05/2017,18/04/2017,8.666666667,"""1-9""",0.577350269,stdev,1.498095698,,0.181804819,stdev,0.197168864,0.151560302,Yes,,-42760
mung1617/02,2017,Fogerty,Jade,RCB,10,2,,0.25,3,25/01/2017,1/03/2017,,,,7/03/2017,Custodia,200 g/l  Tebuconazole + 120 g/l  Azoxystrobin,60,4,8/03/2017,24/03/2017,,,,,,0,11/05/2017,18/04/2017,8.333333333,"""1-9""",0.577350269,stdev,2.048535928,,0.264917751,stdev,0.19830385,0.107177825,Yes,,-42760
mung1617/02,2017,Fogerty,Jade,RCB,10,2,,0.5,3,25/01/2017,1/03/2017,,,,7/03/2017,Custodia,200 g/l  Tebuconazole + 120 g/l  Azoxystrobin,60,4,8/03/2017,24/03/2017,,,,,,0,11/05/2017,18/04/2017,8,"""1-9""",0,stdev,1.973936266,,0.102065625,stdev,0.441958675,0.288488995,Yes,,-42760
mung1617/02,2017,Fogerty,Jade,RCB,10,2,,1,3,25/01/2017,1/03/2017,,,,7/03/2017,Custodia,200 g/l  Tebuconazole + 120 g/l  Azoxystrobin,60,4,8/03/2017,24/03/2017,,,,,,0,11/05/2017,18/04/2017,8.333333333,"""1-9""",0.577350269,stdev,1.488552315,,0.175677835,stdev,0.187625481,0.144224468,Yes,,-42760
mung1617/02,2017,Fogerty,Jade,RCB,10,2,,0.25,3,25/01/2017,1/03/2017,,,,7/03/2017,Folicur,Tebeconazole,62,5,19/03/2017,,,,,,,0,11/05/2017,18/04/2017,8,"""1-9""",0,stdev,2.526252843,,0.188779919,stdev,0.676020765,0.365370795,Yes,,-42760
mung1617/02,2017,Fogerty,Jade,RCB,10,2,,0.5,3,25/01/2017,1/03/2017,,,,7/03/2017,Folicur,Tebeconazole,62,5,19/03/2017,,,,,,,0,11/05/2017,18/04/2017,8,"""1-9""",0,stdev,2.000600788,,0.120379431,stdev,0.468623198,0.30589429,Yes,,-42760
mung1617/02,2017,Fogerty,Jade,RCB,10,2,,1,3,25/01/2017,1/03/2017,,,,7/03/2017,Folicur,Tebeconazole,62,5,19/03/2017,,,,,,,0,11/05/2017,18/04/2017,8,"""1-9""",0,stdev,1.798839416,,0.12643622,stdev,0.497912582,0.382736806,Yes,,-42760
mung1617/02,2017,Fogerty,Jade,RCB,10,2,,0.25,3,25/01/2017,1/03/2017,,,,7/03/2017,Throttle,propiconazole,125,5,19/03/2017,,,,,,,0,11/05/2017,18/04/2017,8,"""1-9""",0,stdev,2.101699431,,0.310761336,stdev,0.251467354,0.13591125,Yes,,-42760
mung1617/02,2017,Fogerty,Jade,RCB,10,2,,0.5,3,25/01/2017,1/03/2017,,,,7/03/2017,Throttle,propiconazole,125,5,19/03/2017,,,,,,,0,11/05/2017,18/04/2017,7.666666667,"""1-9""",0.577350269,stdev,2.179481091,,0.265791886,stdev,0.6475035,0.422658598,Yes,,-42760
mung1617/02,2017,Fogerty,Jade,RCB,10,2,,1,3,25/01/2017,1/03/2017,,,,7/03/2017,Throttle,propiconazole,125,5,19/03/2017,,,,,,,0,11/05/2017,18/04/2017,8,"""1-9""",0,stdev,1.973739024,,0.356965249,stdev,0.67281219,0.517179116,Yes,,-42760
mung1617/02,2017,Fogerty,Jade,RCB,10,2,,0.25,3,25/01/2017,1/03/2017,,,,7/03/2017,Custodia,200 g/l  Tebuconazole + 120 g/l  Azoxystrobin,60,5,19/03/2017,,,,,,,0,11/05/2017,18/04/2017,8,"""1-9""",0,stdev,2.266106985,,0.141102829,stdev,0.415874907,0.22476905,Yes,,-42760
mung1617/02,2017,Fogerty,Jade,RCB,10,2,,0.5,3,25/01/2017,1/03/2017,,,,7/03/2017,Custodia,200 g/l  Tebuconazole + 120 g/l  Azoxystrobin,60,5,19/03/2017,,,,,,,0,11/05/2017,18/04/2017,8,"""1-9""",0,stdev,2.092209808,,0.134149303,stdev,0.560232218,0.365692175,Yes,,-42760
mung1617/02,2017,Fogerty,Jade,RCB,10,2,,1,3,25/01/2017,1/03/2017,,,,7/03/2017,Custodia,200 g/l  Tebuconazole + 120 g/l  Azoxystrobin,60,5,19/03/2017,,,,,,,0,11/05/2017,18/04/2017,8,"""1-9""",0,stdev,1.31375407,,0.333517356,stdev,0.012827236,0.009860075,Yes,,-42760
mung1617/02,2017,Fogerty,Jade,RCB,10,2,,0.25,3,25/01/2017,1/03/2017,,,,7/03/2017,Folicur,Tebeconazole,62,6,19/03/2017,2/04/2017,,,,,,0,11/05/2017,18/04/2017,8,"""1-9""",0,stdev,1.877780116,,0.347365489,stdev,0.027548039,0.014888964,Yes,,-42760
mung1617/02,2017,Fogerty,Jade,RCB,10,2,,0.5,3,25/01/2017,1/03/2017,,,,7/03/2017,Folicur,Tebeconazole,62,6,19/03/2017,2/04/2017,,,,,,0,11/05/2017,18/04/2017,8,"""1-9""",0,stdev,1.7806148,,0.129869577,stdev,0.248637209,0.162298203,Yes,,-42760
mung1617/02,2017,Fogerty,Jade,RCB,10,2,,1,3,25/01/2017,1/03/2017,,,,7/03/2017,Folicur,Tebeconazole,62,6,19/03/2017,2/04/2017,,,,,,0,11/05/2017,18/04/2017,8,"""1-9""",0,stdev,1.533670383,,0.064098993,stdev,0.232743549,0.178905948,Yes,,-42760
mung1617/02,2017,Fogerty,Jade,RCB,10,2,,0.25,3,25/01/2017,1/03/2017,,,,7/03/2017,Throttle,propiconazole,125,6,19/03/2017,2/04/2017,,,,,,0,11/05/2017,18/04/2017,8,"""1-9""",0,stdev,2.143353833,,0.327015282,stdev,0.293121756,0.158424318,Yes,,-42760
mung1617/02,2017,Fogerty,Jade,RCB,10,2,,0.5,3,25/01/2017,1/03/2017,,,,7/03/2017,Throttle,propiconazole,125,6,19/03/2017,2/04/2017,,,,,,0,11/05/2017,18/04/2017,8,"""1-9""",0,stdev,1.827898658,,0.224483263,stdev,0.295921067,0.193162791,Yes,,-42760
mung1617/02,2017,Fogerty,Jade,RCB,10,2,,1,3,25/01/2017,1/03/2017,,,,7/03/2017,Throttle,propiconazole,125,6,19/03/2017,2/04/2017,,,,,,0,11/05/2017,18/04/2017,8,"""1-9""",0,stdev,1.756389965,,0.081325053,stdev,0.455463131,0.350106646,Yes,,-42760
mung1617/02,2017,Fogerty,Jade,RCB,10,2,,0.25,3,25/01/2017,1/03/2017,,,,7/03/2017,Custodia,200 g/l  Tebuconazole + 120 g/l  Azoxystrobin,60,6,19/03/2017,2/04/2017,,,,,,0,11/05/2017,18/04/2017,8,"""1-9""",0,stdev,2.642183756,,0.438174461,stdev,0.791951679,0.428028293,Yes,,-42760
mung1617/02,2017,Fogerty,Jade,RCB,10,2,,0.5,3,25/01/2017,1/03/2017,,,,7/03/2017,Custodia,200 g/l  Tebuconazole + 120 g/l  Azoxystrobin,60,6,19/03/2017,2/04/2017,,,,,,0,11/05/2017,18/04/2017,8,"""1-9""",0,stdev,2.136981988,,0.099642583,stdev,0.605004398,0.394917263,Yes,,-42760
mung1617/02,2017,Fogerty,Jade,RCB,10,2,,1,3,25/01/2017,1/03/2017,,,,7/03/2017,Custodia,200 g/l  Tebuconazole + 120 g/l  Azoxystrobin,60,6,19/03/2017,2/04/2017,,,,,,0,11/05/2017,18/04/2017,8,"""1-9""",0,stdev,1.84339985,,0.058889816,stdev,0.542473016,0.416989643,Yes,,-42760
mung1617/01,2017,Hermitage,Jade,RCB,6,2,,0.25,3,13/02/2017,20/02/2017,,,,24/03/2017,NA,control,NA,1,,,,,,,,0,26/06/2017,11/05/2017,8,"""1-9""",0,stdev,0.737011844,,0.084491173,stdev,NA,NA,Yes,0.838,0
mung1617/01,2017,Hermitage,Jade,RCB,6,2,,0.25,3,13/02/2017,20/02/2017,,,,24/03/2017,NA,control,NA,1,,,,,,,,0,26/06/2017,11/05/2017,8,"""1-9""",0,stdev,0.370449789,,0.287882568,stdev,NA,NA,Yes,,0
mung1617/01,2017,Hermitage,Jade,RCB,6,2,,0.25,3,13/02/2017,20/02/2017,,,,24/03/2017,NA,control,NA,1,,,,,,,,0,26/06/2017,11/05/2017,8,"""1-9""",0,stdev,0.492199221,,0.469371733,stdev,NA,NA,Yes,,0
mung1617/01,2017,Hermitage,Jade,RCB,6,2,,0.5,3,13/02/2017,20/02/2017,,,,24/03/2017,NA,control,NA,1,,,,,,,,0,26/06/2017,11/05/2017,8,"""1-9""",0,stdev,0.604052503,,0.076972887,stdev,NA,NA,Yes,0.875,0
mung1617/01,2017,Hermitage,Jade,RCB,6,2,,0.5,3,13/02/2017,20/02/2017,,,,24/03/2017,NA,control,NA,1,,,,,,,,0,26/06/2017,11/05/2017,8,"""1-9""",0,stdev,0.74660328,,0.111851533,stdev,NA,NA,Yes,,0
mung1617/01,2017,Hermitage,Jade,RCB,6,2,,0.5,3,13/02/2017,20/02/2017,,,,24/03/2017,NA,control,NA,1,,,,,,,,0,26/06/2017,11/05/2017,8,"""1-9""",0,stdev,0.650352868,,0.208791318,stdev,NA,NA,Yes,,0
mung1617/01,2017,Hermitage,Jade,RCB,6,2,,1,3,13/02/2017,20/02/2017,,,,24/03/2017,NA,control,NA,1,,,,,,,,0,26/06/2017,11/05/2017,8,"""1-9""",0,stdev,0.55384968,,0.226859542,stdev,NA,NA,Yes,0.772,0
mung1617/01,2017,Hermitage,Jade,RCB,6,2,,1,3,13/02/2017,20/02/2017,,,,24/03/2017,NA,control,NA,1,,,,,,,,0,26/06/2017,11/05/2017,8,"""1-9""",0,stdev,0.564404827,,0.134882129,stdev,NA,NA,Yes,,0
mung1617/01,2017,Hermitage,Jade,RCB,6,2,,1,3,13/02/2017,20/02/2017,,,,24/03/2017,NA,control,NA,1,,,,,,,,0,26/06/2017,11/05/2017,8,"""1-9""",0,stdev,0.379566155,,0.298037665,stdev,NA,NA,Yes,,0
mung1617/01,2017,Hermitage,Jade,RCB,6,2,,0.25,3,13/02/2017,20/02/2017,,,,24/03/2017,Folicur,Tebeconazole,62,2,13/03/2017,,,,,,,1,26/06/2017,11/05/2017,8,"""1-9""",0,stdev,0.644268565,,0.060820042,stdev,-0.005766667,-0.006883107,Yes,,0
mung1617/01,2017,Hermitage,Jade,RCB,6,2,,0.5,3,13/02/2017,20/02/2017,,,,24/03/2017,Folicur,Tebeconazole,62,2,13/03/2017,,,,,,,1,26/06/2017,11/05/2017,8,"""1-9""",0,stdev,0.589633704,,0.176676097,stdev,-0.091988889,-0.105175568,Yes,,0
mung1617/01,2017,Hermitage,Jade,RCB,6,2,,1,3,13/02/2017,20/02/2017,,,,24/03/2017,Folicur,Tebeconazole,62,2,13/03/2017,,,,,,,1,26/06/2017,11/05/2017,7.666666667,"""1-9""",0.577350269,stdev,0.575370107,,0.127539577,stdev,-0.0275,-0.035623299,Yes,,0
mung1617/01,2017,Hermitage,Jade,RCB,6,2,,0.25,3,13/02/2017,20/02/2017,,,,24/03/2017,Throttle,propiconazole,125,2,13/03/2017,,,,,,,1,26/06/2017,11/05/2017,8,"""1-9""",0,stdev,0.427522273,,0.339736465,stdev,-0.0423,-0.050489377,Yes,,0
mung1617/01,2017,Hermitage,Jade,RCB,6,2,,0.5,3,13/02/2017,20/02/2017,,,,24/03/2017,Throttle,propiconazole,125,2,13/03/2017,,,,,,,1,26/06/2017,11/05/2017,7.666666667,"""1-9""",0.577350269,stdev,0.713230745,,0.251477802,stdev,0.046344445,0.052987957,Yes,,0
mung1617/01,2017,Hermitage,Jade,RCB,6,2,,1,3,13/02/2017,20/02/2017,,,,24/03/2017,Throttle,propiconazole,125,2,13/03/2017,,,,,,,1,26/06/2017,11/05/2017,8,"""1-9""",0,stdev,0.710955237,,0.124595657,stdev,0.1507,0.195215683,Yes,,0
mung1617/01,2017,Hermitage,Jade,RCB,6,2,,0.25,3,13/02/2017,20/02/2017,,,,24/03/2017,Custodia,200 g/l  Tebuconazole + 120 g/l  Azoxystrobin,60,2,13/03/2017,,,,,,,1,26/06/2017,11/05/2017,7.666666667,"""1-9""",0.577350269,stdev,0.724955625,,0.270846728,stdev,0.0915,0.10921461,Yes,,0
mung1617/01,2017,Hermitage,Jade,RCB,6,2,,0.5,3,13/02/2017,20/02/2017,,,,24/03/2017,Custodia,200 g/l  Tebuconazole + 120 g/l  Azoxystrobin,60,2,13/03/2017,,,,,,,1,26/06/2017,11/05/2017,7.666666667,"""1-9""",0.577350269,stdev,0.59804532,,0.151012684,stdev,-0.097855555,-0.111883226,Yes,,0
mung1617/01,2017,Hermitage,Jade,RCB,6,2,,1,3,13/02/2017,20/02/2017,,,,24/03/2017,Custodia,200 g/l  Tebuconazole + 120 g/l  Azoxystrobin,60,2,13/03/2017,,,,,,,1,26/06/2017,11/05/2017,8,"""1-9""",0,stdev,0.523680011,,0.245575406,stdev,-0.080366667,-0.104106395,Yes,,0
mung1617/01,2017,Hermitage,Jade,RCB,6,2,,0.25,3,13/02/2017,20/02/2017,,,,24/03/2017,Folicur,Tebeconazole,62,3,24/03/2017,7/04/2017,,,,,,2,26/06/2017,11/05/2017,7,"""1-9""",0,stdev,0.512205782,,0.404171996,stdev,0.121433333,0.144943105,Yes,,0
mung1617/01,2017,Hermitage,Jade,RCB,6,2,,0.5,3,13/02/2017,20/02/2017,,,,24/03/2017,Folicur,Tebeconazole,62,3,24/03/2017,7/04/2017,,,,,,2,26/06/2017,11/05/2017,7,"""1-9""",0,stdev,0.607614588,,0.214225884,stdev,-0.068555555,-0.078383048,Yes,,0
mung1617/01,2017,Hermitage,Jade,RCB,6,2,,1,3,13/02/2017,20/02/2017,,,,24/03/2017,Folicur,Tebeconazole,62,3,24/03/2017,7/04/2017,,,,,,2,26/06/2017,11/05/2017,7,"""1-9""",0,stdev,0.508835875,,0.144081728,stdev,-0.038666667,-0.050088519,Yes,,0
mung1617/01,2017,Hermitage,Jade,RCB,6,2,,0.25,3,13/02/2017,20/02/2017,,,,24/03/2017,Throttle,propiconazole,125,3,24/03/2017,7/04/2017,,,,,,2,26/06/2017,11/05/2017,7,"""1-9""",0,stdev,0.58896069,,0.012885307,stdev,-0.084333333,-0.10066046,Yes,,0
mung1617/01,2017,Hermitage,Jade,RCB,6,2,,0.5,3,13/02/2017,20/02/2017,,,,24/03/2017,Throttle,propiconazole,125,3,24/03/2017,7/04/2017,,,,,,2,26/06/2017,11/05/2017,7,"""1-9""",0,stdev,0.453594627,,0.281892097,stdev,-0.293355555,-0.335408303,Yes,,0
mung1617/01,2017,Hermitage,Jade,RCB,6,2,,1,3,13/02/2017,20/02/2017,,,,24/03/2017,Throttle,propiconazole,125,3,24/03/2017,7/04/2017,,,,,,2,26/06/2017,11/05/2017,7,"""1-9""",0,stdev,0.514517724,,0.384983905,stdev,0.251333333,0.32557537,Yes,,0
mung1617/01,2017,Hermitage,Jade,RCB,6,2,,0.25,3,13/02/2017,20/02/2017,,,,24/03/2017,Custodia,200 g/l  Tebuconazole + 120 g/l  Azoxystrobin,60,3,24/03/2017,7/04/2017,,,,,,2,26/06/2017,11/05/2017,7,"""1-9""",0,stdev,0.620060497,,0.122765531,stdev,-0.0368,-0.043924564,Yes,,0
mung1617/01,2017,Hermitage,Jade,RCB,6,2,,0.5,3,13/02/2017,20/02/2017,,,,24/03/2017,Custodia,200 g/l  Tebuconazole + 120 g/l  Azoxystrobin,60,3,24/03/2017,7/04/2017,,,,,,2,26/06/2017,11/05/2017,7,"""1-9""",0,stdev,0.638755884,,0.130777216,stdev,-0.041488889,-0.047436354,Yes,,0
mung1617/01,2017,Hermitage,Jade,RCB,6,2,,1,3,13/02/2017,20/02/2017,,,,24/03/2017,Custodia,200 g/l  Tebuconazole + 120 g/l  Azoxystrobin,60,3,24/03/2017,7/04/2017,,,,,,2,26/06/2017,11/05/2017,7,"""1-9""",0,stdev,0.503661011,,0.176202501,stdev,-0.1112,-0.14404767,Yes,,0
mung1617/01,2017,Hermitage,Jade,RCB,6,2,,0.25,3,13/02/2017,20/02/2017,,,,24/03/2017,Folicur,Tebeconazole,62,4,27/03/2017,,,,,,,1,26/06/2017,11/05/2017,8,"""1-9""",0,stdev,0.555131641,,0.555411594,stdev,0.1869,0.223084268,Yes,,0
mung1617/01,2017,Hermitage,Jade,RCB,6,2,,0.5,3,13/02/2017,20/02/2017,,,,24/03/2017,Folicur,Tebeconazole,62,4,27/03/2017,,,,,,,1,26/06/2017,11/05/2017,8,"""1-9""",0,stdev,0.546531591,,0.224841813,stdev,-0.170855555,-0.195347832,Yes,,0
mung1617/01,2017,Hermitage,Jade,RCB,6,2,,1,3,13/02/2017,20/02/2017,,,,24/03/2017,Folicur,Tebeconazole,62,4,27/03/2017,,,,,,,1,26/06/2017,11/05/2017,8,"""1-9""",0,stdev,0.617149439,,0.23340417,stdev,0.039666666,0.051383911,Yes,,0
mung1617/01,2017,Hermitage,Jade,RCB,6,2,,0.25,3,13/02/2017,20/02/2017,,,,24/03/2017,Throttle,propiconazole,125,4,27/03/2017,,,,,,,1,26/06/2017,11/05/2017,8,"""1-9""",0,stdev,0.761183805,,0.02367395,stdev,0.1666,0.198854142,Yes,,0
mung1617/01,2017,Hermitage,Jade,RCB,6,2,,0.5,3,13/02/2017,20/02/2017,,,,24/03/2017,Throttle,propiconazole,125,4,27/03/2017,,,,,,,1,26/06/2017,11/05/2017,8,"""1-9""",0,stdev,0.710358998,,0.029299593,stdev,0.057511111,0.065755373,Yes,,0
mung1617/01,2017,Hermitage,Jade,RCB,6,2,,1,3,13/02/2017,20/02/2017,,,,24/03/2017,Throttle,propiconazole,125,4,27/03/2017,,,,,,,1,26/06/2017,11/05/2017,7.666666667,"""1-9""",0.577350269,stdev,0.647483614,,0.373704149,stdev,0.079433333,0.102897362,Yes,,0
mung1617/01,2017,Hermitage,Jade,RCB,6,2,,0.25,3,13/02/2017,20/02/2017,,,,24/03/2017,Custodia,200 g/l  Tebuconazole + 120 g/l  Azoxystrobin,60,4,27/03/2017,,,,,,,1,26/06/2017,11/05/2017,7.666666667,"""1-9""",0.577350269,stdev,0.557934915,,0.11623643,stdev,-0.0954,-0.113869659,Yes,,0
mung1617/01,2017,Hermitage,Jade,RCB,6,2,,0.5,3,13/02/2017,20/02/2017,,,,24/03/2017,Custodia,200 g/l  Tebuconazole + 120 g/l  Azoxystrobin,60,4,27/03/2017,,,,,,,1,26/06/2017,11/05/2017,7.666666667,"""1-9""",0.577350269,stdev,0.58970698,,0.061985877,stdev,-0.093888889,-0.107347935,Yes,,0
mung1617/01,2017,Hermitage,Jade,RCB,6,2,,1,3,13/02/2017,20/02/2017,,,,24/03/2017,Custodia,200 g/l  Tebuconazole + 120 g/l  Azoxystrobin,60,4,27/03/2017,,,,,,,1,26/06/2017,11/05/2017,7.666666667,"""1-9""",0.577350269,stdev,0.687191531,,0.156432754,stdev,0.1313,0.170085065,Yes,,0
mung1617/01,2017,Hermitage,Jade,RCB,6,2,,0.25,3,13/02/2017,20/02/2017,,,,24/03/2017,Folicur,Tebeconazole,62,5,27/03/2017,11/04/2017,,,,,,2,26/06/2017,11/05/2017,7,"""1-9""",0,stdev,0.403880913,,0.30345608,stdev,-0.045633333,-0.054468051,Yes,,0
mung1617/01,2017,Hermitage,Jade,RCB,6,2,,0.5,3,13/02/2017,20/02/2017,,,,24/03/2017,Folicur,Tebeconazole,62,5,27/03/2017,11/04/2017,,,,,,2,26/06/2017,11/05/2017,7,"""1-9""",0,stdev,0.660755042,,0.149502977,stdev,0.003977778,0.004547995,Yes,,0
mung1617/01,2017,Hermitage,Jade,RCB,6,2,,1,3,13/02/2017,20/02/2017,,,,24/03/2017,Folicur,Tebeconazole,62,5,27/03/2017,11/04/2017,,,,,,2,26/06/2017,11/05/2017,7,"""1-9""",0,stdev,0.759453914,,0.201572287,stdev,0.219366666,0.284165983,Yes,,0
mung1617/01,2017,Hermitage,Jade,RCB,6,2,,0.25,3,13/02/2017,20/02/2017,,,,24/03/2017,Throttle,propiconazole,125,5,27/03/2017,11/04/2017,,,,,,2,26/06/2017,11/05/2017,7,"""1-9""",0,stdev,0.784376579,,0.302021232,stdev,0.205533333,0.245325057,Yes,,0
mung1617/01,2017,Hermitage,Jade,RCB,6,2,,0.5,3,13/02/2017,20/02/2017,,,,24/03/2017,Throttle,propiconazole,125,5,27/03/2017,11/04/2017,,,,,,2,26/06/2017,11/05/2017,5.333333333,"""1-9""",2.886751346,stdev,0.639065478,,0.103243712,stdev,-0.042155555,-0.048198587,Yes,,0
mung1617/01,2017,Hermitage,Jade,RCB,6,2,,1,3,13/02/2017,20/02/2017,,,,24/03/2017,Throttle,propiconazole,125,5,27/03/2017,11/04/2017,,,,,,2,26/06/2017,11/05/2017,7,"""1-9""",0,stdev,0.495170437,,0.276472611,stdev,-0.124533334,-0.161319574,Yes,,0
mung1617/01,2017,Hermitage,Jade,RCB,6,2,,0.25,3,13/02/2017,20/02/2017,,,,24/03/2017,Custodia,200 g/l  Tebuconazole + 120 g/l  Azoxystrobin,60,5,27/03/2017,11/04/2017,,,,,,2,26/06/2017,11/05/2017,7,"""1-9""",0,stdev,0.410450132,,0.330212474,stdev,-0.1221,-0.14573884,Yes,,0
mung1617/01,2017,Hermitage,Jade,RCB,6,2,,0.5,3,13/02/2017,20/02/2017,,,,24/03/2017,Custodia,200 g/l  Tebuconazole + 120 g/l  Azoxystrobin,60,5,27/03/2017,11/04/2017,,,,,,2,26/06/2017,11/05/2017,7,"""1-9""",0,stdev,0.83830719,,0.227527565,stdev,0.234077778,0.26763301,Yes,,0
mung1617/01,2017,Hermitage,Jade,RCB,6,2,,1,3,13/02/2017,20/02/2017,,,,24/03/2017,Custodia,200 g/l  Tebuconazole + 120 g/l  Azoxystrobin,60,5,27/03/2017,11/04/2017,,,,,,2,26/06/2017,11/05/2017,7,"""1-9""",0,stdev,0.666193702,,0.283995461,stdev,0.126966666,0.164471695,Yes,,0
mung1617/01,2017,Hermitage,Jade,RCB,6,2,,0.25,3,13/02/2017,20/02/2017,,,,24/03/2017,Folicur,Tebeconazole,62,6,5/04/2017,,,,,,,1,26/06/2017,11/05/2017,7.333333333,"""1-9""",0.577350269,stdev,0.628319341,,0.191718105,stdev,-0.010533333,-0.01257261,Yes,,0
mung1617/01,2017,Hermitage,Jade,RCB,6,2,,0.5,3,13/02/2017,20/02/2017,,,,24/03/2017,Folicur,Tebeconazole,62,6,5/04/2017,,,,,,,1,26/06/2017,11/05/2017,7.666666667,"""1-9""",0.577350269,stdev,0.584562864,,0.184413209,stdev,-0.112488889,-0.128614259,Yes,,0
mung1617/01,2017,Hermitage,Jade,RCB,6,2,,1,3,13/02/2017,20/02/2017,,,,24/03/2017,Folicur,Tebeconazole,62,6,5/04/2017,,,,,,,1,26/06/2017,11/05/2017,8,"""1-9""",0,stdev,0.812147402,,0.258609213,stdev,0.308233333,0.399283216,Yes,,0
mung1617/01,2017,Hermitage,Jade,RCB,6,2,,0.25,3,13/02/2017,20/02/2017,,,,24/03/2017,Throttle,propiconazole,125,6,5/04/2017,,,,,,,1,26/06/2017,11/05/2017,7,"""1-9""",0,stdev,0.45776149,,0.377022251,stdev,-0.056966667,-0.067995544,Yes,,0
mung1617/01,2017,Hermitage,Jade,RCB,6,2,,0.5,3,13/02/2017,20/02/2017,,,,24/03/2017,Throttle,propiconazole,125,6,5/04/2017,,,,,,,1,26/06/2017,11/05/2017,7,"""1-9""",0,stdev,0.565797033,,0.220216032,stdev,-0.143955555,-0.164591696,Yes,,0
mung1617/01,2017,Hermitage,Jade,RCB,6,2,,1,3,13/02/2017,20/02/2017,,,,24/03/2017,Throttle,propiconazole,125,6,5/04/2017,,,,,,,1,26/06/2017,11/05/2017,7,"""1-9""",0,stdev,0.38666199,,0.455323284,stdev,0.0899,0.116455806,Yes,,0
mung1617/01,2017,Hermitage,Jade,RCB,6,2,,0.25,3,13/02/2017,20/02/2017,,,,24/03/2017,Custodia,200 g/l  Tebuconazole + 120 g/l  Azoxystrobin,60,6,5/04/2017,,,,,,,1,26/06/2017,11/05/2017,7,"""1-9""",0,stdev,0.586878008,,0.47886082,stdev,0.1052,0.125566961,Yes,,0
mung1617/01,2017,Hermitage,Jade,RCB,6,2,,0.5,3,13/02/2017,20/02/2017,,,,24/03/2017,Custodia,200 g/l  Tebuconazole + 120 g/l  Azoxystrobin,60,6,5/04/2017,,,,,,,1,26/06/2017,11/05/2017,7,"""1-9""",0,stdev,0.642104949,,0.036526816,stdev,-0.023888889,-0.02731338,Yes,,0
mung1617/01,2017,Hermitage,Jade,RCB,6,2,,1,3,13/02/2017,20/02/2017,,,,24/03/2017,Custodia,200 g/l  Tebuconazole + 120 g/l  Azoxystrobin,60,6,5/04/2017,,,,,,,1,26/06/2017,11/05/2017,7.666666667,"""1-9""",0.577350269,stdev,0.71703827,,0.294601407,stdev,0.169,0.21892137,Yes,,0
mung1718/01,2018,Wellcamp,Jade,RCB,10,2,20k,0.25,4,13/02/2018,,,,,21/03/2018,NA,control,0,1,,,,,,,,0,31/05/2018,2/05/2018,8.333333333,"""1-9""",0.577350269,stdev,0.900712969,,0.900712969,stdev,0,0,Yes,,0
mung1718/01,2018,Wellcamp,Jade,RCB,10,2,20k,0.5,4,13/02/2018,,,,,21/03/2018,NA,control,0,1,,,,,,,,0,31/05/2018,2/05/2018,8,"""1-9""",0,stdev,1.089077207,,1.089077207,stdev,0,0,Yes,,0
mung1718/01,2018,Wellcamp,Jade,RCB,10,2,20k,1,4,13/02/2018,,,,,21/03/2018,NA,control,0,1,,,,,,,,0,31/05/2018,2/05/2018,7.333333333,"""1-9""",1.154700538,stdev,1.092765743,,1.092765743,stdev,0,0,Yes,,0
mung1718/01,2018,Wellcamp,Jade,RCB,10,2,20k,0.25,4,13/02/2018,,,,,21/03/2018,Custodia,200 g/l  Tebuconazole + 120 g/l  Azoxystrobin,62,2,28/03/2018,16/04/2018,,,,,,2,31/05/2018,2/05/2018,6.666666667,"""1-9""",0.577350269,stdev,1.409057474,,1.409057474,stdev,0.508344505,0.564380133,Yes,,0
mung1718/01,2018,Wellcamp,Jade,RCB,10,2,20k,0.5,4,13/02/2018,,,,,21/03/2018,Custodia,200 g/l  Tebuconazole + 120 g/l  Azoxystrobin,62,2,28/03/2018,16/04/2018,,,,,,2,31/05/2018,2/05/2018,7,"""1-9""",0,stdev,1.503637679,,1.503637679,stdev,0.294933736,0.244008252,Yes,,0
mung1718/01,2018,Wellcamp,Jade,RCB,10,2,20k,1,4,13/02/2018,,,,,21/03/2018,Custodia,200 g/l  Tebuconazole + 120 g/l  Azoxystrobin,62,2,28/03/2018,16/04/2018,,,,,,2,31/05/2018,2/05/2018,6.666666667,"""1-9""",0.577350269,stdev,1.282229758,,1.282229758,stdev,-0.026955799,-0.020589747,Yes,,0
mung1718/01,2018,Wellcamp,Jade,RCB,10,2,20k,0.25,4,13/02/2018,,,,,21/03/2018,Folicur,Tebeconazole,60,3,28/03/2018,16/04/2018,,,,,,2,31/05/2018,2/05/2018,7.666666667,"""1-9""",0.577350269,stdev,1.555946994,,1.555946994,stdev,0.32875567,0.267892759,Yes,,0
mung1718/01,2018,Wellcamp,Jade,RCB,10,2,20k,0.5,4,13/02/2018,,,,,21/03/2018,Folicur,Tebeconazole,60,3,28/03/2018,16/04/2018,,,,,,2,31/05/2018,2/05/2018,7,"""1-9""",0,stdev,1.472523663,,1.472523663,stdev,0.074549833,0.053327059,Yes,,0
mung1718/01,2018,Wellcamp,Jade,RCB,10,2,20k,1,4,13/02/2018,,,,,21/03/2018,Folicur,Tebeconazole,60,3,28/03/2018,16/04/2018,,,,,,2,31/05/2018,2/05/2018,7.333333333,"""1-9""",0.577350269,stdev,1.084522903,,1.084522903,stdev,0.084989877,0.085029584,Yes,,0
mung1718/01,2018,Wellcamp,Jade,RCB,10,2,20k,0.25,4,13/02/2018,,,,,21/03/2018,Throttle,propiconazole,125,4,28/03/2018,16/04/2018,,,,,,2,31/05/2018,2/05/2018,6.333333333,"""1-9""",0.577350269,stdev,1.582020885,,1.582020885,stdev,0.380150426,0.316299001,Yes,,0
mung1718/01,2018,Wellcamp,Jade,RCB,10,2,20k,0.5,4,13/02/2018,,,,,21/03/2018,Throttle,propiconazole,125,4,28/03/2018,16/04/2018,,,,,,2,31/05/2018,2/05/2018,6,"""1-9""",0,stdev,1.56753778,,1.56753778,stdev,0.371006687,0.310068572,Yes,,0
mung1718/01,2018,Wellcamp,Jade,RCB,10,2,20k,1,4,13/02/2018,,,,,21/03/2018,Throttle,propiconazole,125,4,28/03/2018,16/04/2018,,,,,,2,31/05/2018,2/05/2018,6,"""1-9""",0,stdev,1.154251062,,1.154251062,stdev,0.089221764,0.083774,Yes,,0
mung1718/01,2018,Wellcamp,Jade,RCB,10,2,40k,0.25,4,13/02/2018,,,,,21/03/2018,NA,control,0,1,,,,,,,,0,31/05/2018,2/05/2018,9,"""1-9""",0,stdev,1.573120296,,1.573120296,stdev,0,0,Yes,,0
mung1718/01,2018,Wellcamp,Jade,RCB,10,2,40k,0.5,4,13/02/2018,,,,,21/03/2018,NA,control,0,1,,,,,,,,0,31/05/2018,2/05/2018,8.666666667,"""1-9""",0.577350269,stdev,1.451297057,,1.451297057,stdev,0,0,Yes,,0
mung1718/01,2018,Wellcamp,Jade,RCB,10,2,40k,1,4,13/02/2018,,,,,21/03/2018,NA,control,0,1,,,,,,,,0,31/05/2018,2/05/2018,8,"""1-9""",0,stdev,1.056135197,,1.056135197,stdev,0,0,Yes,,0
mung1718/01,2018,Wellcamp,Jade,RCB,10,2,40k,0.25,4,13/02/2018,,,,,21/03/2018,Custodia,200 g/l  Tebuconazole + 120 g/l  Azoxystrobin,62,2,28/03/2018,16/04/2018,,,,,,2,31/05/2018,2/05/2018,6.333333333,"""1-9""",0.577350269,stdev,1.582098718,,1.582098718,stdev,0.008978422,0.005707397,Yes,,0
mung1718/01,2018,Wellcamp,Jade,RCB,10,2,40k,0.5,4,13/02/2018,,,,,21/03/2018,Custodia,200 g/l  Tebuconazole + 120 g/l  Azoxystrobin,62,2,28/03/2018,16/04/2018,,,,,,2,31/05/2018,2/05/2018,7.333333333,"""1-9""",0.577350269,stdev,1.65734565,,1.65734565,stdev,0.294933736,0.216479123,Yes,,0
mung1718/01,2018,Wellcamp,Jade,RCB,10,2,40k,1,4,13/02/2018,,,,,21/03/2018,Custodia,200 g/l  Tebuconazole + 120 g/l  Azoxystrobin,62,2,28/03/2018,16/04/2018,,,,,,2,31/05/2018,2/05/2018,7,"""1-9""",0,stdev,0.812759584,,0.812759584,stdev,-0.026955799,-0.032101114,Yes,,0
mung1718/01,2018,Wellcamp,Jade,RCB,10,2,40k,0.25,4,13/02/2018,,,,,21/03/2018,Folicur,Tebeconazole,60,3,28/03/2018,16/04/2018,,,,,,2,31/05/2018,2/05/2018,7,"""1-9""",0,stdev,1.575397611,,1.575397611,stdev,0.32875567,0.263712987,Yes,,0
mung1718/01,2018,Wellcamp,Jade,RCB,10,2,40k,0.5,4,13/02/2018,,,,,21/03/2018,Folicur,Tebeconazole,60,3,28/03/2018,16/04/2018,,,,,,2,31/05/2018,2/05/2018,7.333333333,"""1-9""",0.577350269,stdev,1.216950267,,1.216950267,stdev,0.074549833,0.065257182,Yes,,0
mung1718/01,2018,Wellcamp,Jade,RCB,10,2,40k,1,4,13/02/2018,,,,,21/03/2018,Folicur,Tebeconazole,60,3,28/03/2018,16/04/2018,,,,,,2,31/05/2018,2/05/2018,6.666666667,"""1-9""",0.577350269,stdev,1.234357791,,1.234357791,stdev,0.084989877,0.073944884,Yes,,0
mung1718/01,2018,Wellcamp,Jade,RCB,10,2,40k,0.25,4,13/02/2018,,,,,21/03/2018,Throttle,propiconazole,125,4,28/03/2018,16/04/2018,,,,,,2,31/05/2018,2/05/2018,6,"""1-9""",0,stdev,1.652113232,,1.652113232,stdev,0.380150426,0.298869137,Yes,,0
mung1718/01,2018,Wellcamp,Jade,RCB,10,2,40k,0.5,4,13/02/2018,,,,,21/03/2018,Throttle,propiconazole,125,4,28/03/2018,16/04/2018,,,,,,2,31/05/2018,2/05/2018,7,"""1-9""",1.732050808,stdev,1.690297844,,1.690297844,stdev,0.371006687,0.281216686,Yes,,0
mung1718/01,2018,Wellcamp,Jade,RCB,10,2,40k,1,4,13/02/2018,,,,,21/03/2018,Throttle,propiconazole,125,4,28/03/2018,16/04/2018,,,,,,2,31/05/2018,2/05/2018,5.666666667,"""1-9""",0.577350269,stdev,1.173093405,,1.173093405,stdev,0.089221764,0.082317648,Yes,,0
